sourced_business_id,business_name,city,state,module_id,module_name,admin_review_status,category_ids,category_status,source_url,fulfillment_modes,age_restricted_flag,blocker_reason,recommended_action
1,"Lucille's",Houston,TX,4,"Restaurants/Brick and Mortar",pending,"[]","[]","https://www.lucilleshouston.com","["review_only","pickup_review_required","order_anywhere_review_required"]",no,"not_approved;category_ids_empty","Admin review;Assign category_ids"
2,"Gatlin's BBQ",Houston,TX,4,"Restaurants/Brick and Mortar",pending,"[14]","1","https://www.gatlinsbbq.com","["review_only","pickup_review_required","order_anywhere_review_required"]",no,"not_approved","Admin review"
3,"Gatlin's Fins & Feathers",Houston,TX,4,"Restaurants/Brick and Mortar",pending,"[]","[]","https://www.gatlinsfinsandfeathers.com","["review_only","pickup_review_required","order_anywhere_review_required"]",no,"not_approved;category_ids_empty","Admin review;Assign category_ids"
4,"Ms. Myrtle's Bakery",Houston,TX,6,"Home-Based Businesses",pending,"[]","[]","https://www.blackbookhouston.com/directory-listings/ms.-myrtle's-bakery","["review_only","pickup_review_required","order_anywhere_review_required"]",no,"not_approved;category_ids_empty","Admin review;Assign category_ids"
5,"DossCouture Designs",Houston,TX,13,"Retail/Shopping",pending,"[]","[]","https://www.dosscouturedesigns.com","["review_only","pickup_review_required","order_anywhere_review_required"]",no,"not_approved;category_ids_empty","Admin review;Assign category_ids"
6,"River Oaks Galleria Medspa",Houston,TX,14,"Beauty/Personal Care",pending,"[824]","1","https://www.blackbookhouston.com/directory-listings/river-oaks-galleria-medspa","["review_only","pickup_review_required","order_anywhere_review_required"]",no,"not_approved;inactive_module","Admin review;Activate module first"
7,"Beauty By Umar Hair Salon",Houston,TX,14,"Beauty/Personal Care",pending,"[]","[]","https://www.beautybyumar.com","["review_only","pickup_review_required","order_anywhere_review_required"]",no,"not_approved;category_ids_empty;inactive_module","Admin review;Assign category_ids;Activate module first"
8,"Makeda's Homemade Butter Cookies",Memphis,TN,5,"Grocery/Marketz",pending,"[]","[]","https://www.makedascookies.com","["review_only","pickup_review_required","order_anywhere_review_required"]",no,"not_approved;category_ids_empty","Admin review;Assign category_ids"
9,"Alcenia's",Memphis,TN,4,"Restaurants/Brick and Mortar",pending,"[]","[]","https://www.alcenias.com","["review_only","pickup_review_required","order_anywhere_review_required"]",no,"not_approved;category_ids_empty","Admin review;Assign category_ids"
10,"Alta Adams",Los Angeles,CA,4,"Restaurants/Brick and Mortar",pending,"[]","[]","https://www.altaadams.com","["review_only","pickup_review_required","order_anywhere_review_required"]",no,"not_approved;category_ids_empty","Admin review;Assign category_ids"
11,"Post & Beam",Los Angeles,CA,4,"Restaurants/Brick and Mortar",pending,"[]","[]","https://www.postandbeamla.com","["review_only","pickup_review_required","order_anywhere_review_required"]",no,"not_approved;category_ids_empty","Admin review;Assign category_ids"
12,"Red Rooster Overtown",Miami,FL,4,"Restaurants/Brick and Mortar",pending,"[]","[]","https://www.redroosterovertown.com","["review_only","pickup_review_required","order_anywhere_review_required"]",no,"not_approved;category_ids_empty","Admin review;Assign category_ids"
13,"Ben's Chili Bowl",Washington,DC,4,"Restaurants/Brick and Mortar",pending,"[]","[]","https://www.benschilibowl.com","["review_only","pickup_review_required","order_anywhere_review_required"]",no,"not_approved;category_ids_empty","Admin review;Assign category_ids"
14,"Oohh's & Aahh's",Washington,DC,4,"Restaurants/Brick and Mortar",pending,"[]","[]","https://www.oohhsandaahhs.com","["review_only","pickup_review_required","order_anywhere_review_required"]",no,"not_approved;category_ids_empty","Admin review;Assign category_ids"
15,"Mert's Heart & Soul",Charlotte,NC,4,"Restaurants/Brick and Mortar",pending,"[]","[]","https://www.mertscharlotte.com","["review_only","pickup_review_required","order_anywhere_review_required"]",no,"not_approved;category_ids_empty","Admin review;Assign category_ids"
16,"Sylvia's Restaurant",New York,NY,4,"Restaurants/Brick and Mortar",pending,"[]","[]","https://www.sylviasrestaurant.com","["review_only","pickup_review_required","order_anywhere_review_required"]",no,"not_approved;category_ids_empty","Admin review;Assign category_ids"
17,"Amy Ruth's",New York,NY,4,"Restaurants/Brick and Mortar",pending,"[]","[]","https://www.amyruths.com","["review_only","pickup_review_required","order_anywhere_review_required"]",no,"not_approved;category_ids_empty","Admin review;Assign category_ids"
18,"Melba's Restaurant",New York,NY,4,"Restaurants/Brick and Mortar",pending,"[]","[]","https://www.melbasrestaurant.com","["review_only","pickup_review_required","order_anywhere_review_required"]",no,"not_approved;category_ids_empty","Admin review;Assign category_ids"
19,"Londel's Supper Club",New York,NY,4,"Restaurants/Brick and Mortar",pending,"[]","[]","https://www.londelsrestaurant.com","["review_only","pickup_review_required","order_anywhere_review_required"]",no,"not_approved;category_ids_empty","Admin review;Assign category_ids"
20,"Burn's Original BBQ",Houston,TX,4,"Restaurants/Brick and Mortar",pending,"[14]","1","https://www.burnsoriginalbbq.com","["review_only","pickup_review_required","order_anywhere_review_required"]",no,"not_approved","Admin review"
21,"Frenchy's Chicken",Houston,TX,4,"Restaurants/Brick and Mortar",pending,"[]","[]","https://www.frenchyschicken.com","["review_only","pickup_review_required","order_anywhere_review_required"]",no,"not_approved;category_ids_empty","Admin review;Assign category_ids"
22,"Splendid Spoonful HTX",Houston,TX,13,"Retail/Shopping",pending,"[]","[]","https://www.blackbookhouston.com","["review_only","pickup_review_required","order_anywhere_review_required"]",no,"not_approved;category_ids_empty","Admin review;Assign category_ids"
23,"Simply Mel Skincare",Houston,TX,14,"Beauty/Personal Care",pending,"[823]","1","https://www.simplymelskincare.com","["review_only","pickup_review_required","order_anywhere_review_required"]",no,"not_approved;inactive_module","Admin review;Activate module first"
24,"Touch of Essence Beauty Supply",Houston,TX,16,"Beauty Supply/Hair Providers",pending,"[]","[]","https://www.facebook.com/tessencebeautysupply","["review_only","pickup_review_required","order_anywhere_review_required"]",no,"not_approved;category_ids_empty","Admin review;Assign category_ids"
25,"Erk & Jerk",Houston,TX,4,"Restaurants/Brick and Mortar",pending,"[]","[]","https://www.google.com/search?q=Erk+and+Jerk+Houston","["review_only","pickup_review_required","order_anywhere_review_required"]",no,"not_approved;category_ids_empty","Admin review;Assign category_ids"
26,"Amazing Street Beans HTX",Houston,TX,4,"Restaurants/Brick and Mortar",pending,"[]","[]","https://www.instagram.com/amazingstreetbeans","["review_only","pickup_review_required","order_anywhere_review_required"]",no,"not_approved;category_ids_empty","Admin review;Assign category_ids"
27,"Manner + Manner",Houston,TX,13,"Retail/Shopping",pending,"[]","[]","https://www.blackbookhouston.com","["review_only","pickup_review_required","order_anywhere_review_required"]",no,"not_approved;category_ids_empty","Admin review;Assign category_ids"
28,"Seven Thirteen Boutique",Houston,TX,13,"Retail/Shopping",pending,"[98]","1","https://www.facebook.com/SEVENTHIRTEENBOUTIQUE","["review_only","pickup_review_required","order_anywhere_review_required"]",no,"not_approved","Admin review"
29,"The Reggae Hut",Houston,TX,4,"Restaurants/Brick and Mortar",pending,"[]","[]","https://www.thereggaehut.com","["review_only","pickup_review_required","order_anywhere_review_required"]",no,"not_approved;category_ids_empty","Admin review;Assign category_ids"
30,"Sauce Another HTX",Houston,TX,4,"Restaurants/Brick and Mortar",pending,"[]","[]","https://www.instagram.com/sauceanother","["review_only","pickup_review_required","order_anywhere_review_required"]",no,"not_approved;category_ids_empty","Admin review;Assign category_ids"
31,"Anna J Custom Jewelry",Houston,TX,13,"Retail/Shopping",pending,"[90]","1","https://www.thehoustonblackpages.com","["review_only","pickup_review_required","order_anywhere_review_required"]",no,"not_approved","Admin review"
32,"ChariT's Inspirational Creations",Houston,TX,13,"Retail/Shopping",pending,"[91]","1","https://www.thehoustonblackpages.com","["review_only","pickup_review_required","order_anywhere_review_required"]",no,"not_approved","Admin review"
33,"Holistic Wellness Center HTX",Houston,TX,10,"Pharmacy/Health",pending,"[]","[]","https://www.blackbookhouston.com","["review_only","pickup_review_required","order_anywhere_review_required"]",no,"not_approved;category_ids_empty","Admin review;Assign category_ids"
34,"Kingdom Kutz & Styles",Houston,TX,16,"Beauty Supply/Hair Providers",pending,"[]","[]","https://www.blackbookhouston.com","["review_only","pickup_review_required","order_anywhere_review_required"]",no,"not_approved;category_ids_empty","Admin review;Assign category_ids"
35,"Motherland African Food Market",Houston,TX,5,"Grocery/Marketz",pending,"[]","[]","https://www.instagram.com/motherlandafricanfoodmarket","["review_only","pickup_review_required","order_anywhere_review_required"]",no,"not_approved;category_ids_empty","Admin review;Assign category_ids"
36,"Fresh Houwse Grocery",Houston,TX,5,"Grocery/Marketz",pending,"[]","[]","https://www.freshhouwse.com","["review_only","pickup_review_required","order_anywhere_review_required"]",no,"not_approved;category_ids_empty","Admin review;Assign category_ids"
37,"Nia's Southern Kitchen",Houston,TX,6,"Home-Based Businesses",pending,"[]","[]","https://www.blackbookhouston.com","["review_only","pickup_review_required","order_anywhere_review_required"]",no,"not_approved;category_ids_empty","Admin review;Assign category_ids"
38,"Swift Deliveries HTX",Houston,TX,9,"Courier/Parcel Delivery",pending,"[]","[]","https://www.blackbookhouston.com","["review_only","pickup_review_required","order_anywhere_review_required"]",no,"not_approved;category_ids_empty","Admin review;Assign category_ids"
39,"Flavor Fusions HTX",Houston,TX,6,"Home-Based Businesses",pending,"[]","[]","https://www.blackbookhouston.com","["review_only","pickup_review_required","order_anywhere_review_required"]",no,"not_approved;category_ids_empty","Admin review;Assign category_ids"
40,"The Black Market HTX",Houston,TX,11,"Local Events/Creators",pending,"[]","[]","https://www.instagram.com/blckmarkethouston","["review_only","pickup_review_required","order_anywhere_review_required"]",no,"not_approved;category_ids_empty","Admin review;Assign category_ids"
41,"Luxe Event Planning HTX",Houston,TX,11,"Local Events/Creators",pending,"[]","[]","https://www.blackbookhouston.com","["review_only","pickup_review_required","order_anywhere_review_required"]",no,"not_approved;category_ids_empty","Admin review;Assign category_ids"
42,"Island Spice HTX",Houston,TX,6,"Home-Based Businesses",pending,"[]","[]","https://www.blackbookhouston.com","["review_only","pickup_review_required","order_anywhere_review_required"]",no,"not_approved;category_ids_empty","Admin review;Assign category_ids"
43,"Cococakes HTX",Houston,TX,6,"Home-Based Businesses",pending,"[]","[]","https://www.instagram.com/cococakeshtx","["review_only","pickup_review_required","order_anywhere_review_required"]",no,"not_approved;category_ids_empty","Admin review;Assign category_ids"
44,"Uforia Events HTX",Houston,TX,11,"Local Events/Creators",pending,"[]","[]","https://www.instagram.com/uforiaevents","["review_only","pickup_review_required","order_anywhere_review_required"]",no,"not_approved;category_ids_empty","Admin review;Assign category_ids"
45,"Crepe Cafe HTX",Houston,TX,6,"Home-Based Businesses",pending,"[]","[]","https://www.blackbookhouston.com","["review_only","pickup_review_required","order_anywhere_review_required"]",no,"not_approved;category_ids_empty","Admin review;Assign category_ids"
46,"Taqueria El Vecino",Houston,TX,11,"Local Events/Creators",pending,"[]","[]","https://www.blackbookhouston.com","["review_only","pickup_review_required","order_anywhere_review_required"]",no,"not_approved;category_ids_empty","Admin review;Assign category_ids"
47,"Taste of Trinidad HTX",Houston,TX,6,"Home-Based Businesses",pending,"[]","[]","https://www.blackbookhouston.com","["review_only","pickup_review_required","order_anywhere_review_required"]",no,"not_approved;category_ids_empty","Admin review;Assign category_ids"
48,"The Waffle Bar HTX",Houston,TX,6,"Home-Based Businesses",pending,"[]","[]","https://www.blackbookhouston.com","["review_only","pickup_review_required","order_anywhere_review_required"]",no,"not_approved;category_ids_empty","Admin review;Assign category_ids"
49,"Boba Bae HTX",Houston,TX,6,"Home-Based Businesses",pending,"[]","[]","https://www.instagram.com/bobabaehtx","["review_only","pickup_review_required","order_anywhere_review_required"]",no,"not_approved;category_ids_empty","Admin review;Assign category_ids"
50,"Smoke & Spice HTX",Houston,TX,6,"Home-Based Businesses",pending,"[]","[]","https://www.blackbookhouston.com","["review_only","pickup_review_required","order_anywhere_review_required"]",no,"not_approved;category_ids_empty","Admin review;Assign category_ids"
51,"District Market Green Grocer",Houston,TX,5,"Grocery/Marketz",pending,"[]","[]","https://www.google.com/search?q=District%20Market%20Green%20Grocer%20Houston","["review_only","pickup_review_required","order_anywhere_review_required"]",no,"not_approved;category_ids_empty","Admin review;Assign category_ids"
52,"Neal & Nettie's Grocery",Houston,TX,5,"Grocery/Marketz",pending,"[]","[]","https://www.nealandnetties.com","["review_only","pickup_review_required","order_anywhere_review_required"]",no,"not_approved;category_ids_empty","Admin review;Assign category_ids"
53,"Atonsu Royal African & Caribbean Market",Houston,TX,5,"Grocery/Marketz",pending,"[]","[]","https://www.google.com/search?q=Atonsu%20Royal%20African%20%26%20Caribbean%20Market%20Houston","["review_only","pickup_review_required","order_anywhere_review_required"]",no,"not_approved;category_ids_empty","Admin review;Assign category_ids"
54,"Black Farmer Box",Houston,TX,5,"Grocery/Marketz",pending,"[25]","1","https://www.blackfarmerbox.com","["review_only","pickup_review_required","order_anywhere_review_required"]",no,"not_approved","Admin review"
55,"Heritage Bodega",Houston,TX,5,"Grocery/Marketz",pending,"[]","[]","https://www.instagram.com/heritagebodega","["review_only","pickup_review_required","order_anywhere_review_required"]",no,"not_approved;category_ids_empty","Admin review;Assign category_ids"
56,"Urban Pantry Co.",Houston,TX,5,"Grocery/Marketz",pending,"[]","[]","https://www.instagram.com/urbanpantryco","["review_only","pickup_review_required","order_anywhere_review_required"]",no,"not_approved;category_ids_empty","Admin review;Assign category_ids"
57,"Good Health Market HTX",Houston,TX,5,"Grocery/Marketz",pending,"[]","[]","https://www.blackbookhouston.com","["review_only","pickup_review_required","order_anywhere_review_required"]",no,"not_approved;category_ids_empty","Admin review;Assign category_ids"
58,"Veggie Vibe HTX",Houston,TX,5,"Grocery/Marketz",pending,"[]","[]","https://www.blackbookhouston.com","["review_only","pickup_review_required","order_anywhere_review_required"]",no,"not_approved;category_ids_empty","Admin review;Assign category_ids"
59,"Abandoned Nation",Houston,TX,13,"Retail/Shopping",pending,"[85]","1","https://www.google.com/search?q=Abandoned%20Nation%20Houston","["review_only","pickup_review_required","order_anywhere_review_required"]",no,"not_approved","Admin review"
60,"Kwenu",Houston,TX,13,"Retail/Shopping",pending,"[]","[]","https://www.google.com/search?q=Kwenu%20Houston","["review_only","pickup_review_required","order_anywhere_review_required"]",no,"not_approved;category_ids_empty","Admin review;Assign category_ids"
61,"The Minka Collection",Houston,TX,13,"Retail/Shopping",pending,"[]","[]","https://www.google.com/search?q=The%20Minka%20Collection%20Houston","["review_only","pickup_review_required","order_anywhere_review_required"]",no,"not_approved;category_ids_empty","Admin review;Assign category_ids"
62,"First Impression Custom Clothes",Houston,TX,13,"Retail/Shopping",pending,"[]","[]","https://www.google.com/search?q=First%20Impression%20Custom%20Clothes%20Houston","["review_only","pickup_review_required","order_anywhere_review_required"]",no,"not_approved;category_ids_empty","Admin review;Assign category_ids"
63,"Di'Vine Boutique",Houston,TX,13,"Retail/Shopping",pending,"[85]","1","https://www.blackbookhouston.com","["review_only","pickup_review_required","order_anywhere_review_required"]",no,"not_approved","Admin review"
64,"Maison de Joie",Houston,TX,13,"Retail/Shopping",pending,"[89]","1","https://www.blackbookhouston.com","["review_only","pickup_review_required","order_anywhere_review_required"]",no,"not_approved","Admin review"
65,"KickSpott HTX",Houston,TX,13,"Retail/Shopping",pending,"[95]","1","https://www.instagram.com/kickspotthtx","["review_only","pickup_review_required","order_anywhere_review_required"]",no,"not_approved","Admin review"
66,"Retro Rose HTX",Houston,TX,13,"Retail/Shopping",pending,"[]","[]","https://www.instagram.com/retrorosehtx","["review_only","pickup_review_required","order_anywhere_review_required"]",no,"not_approved;category_ids_empty","Admin review;Assign category_ids"
67,"Groomed HTX",Houston,TX,13,"Retail/Shopping",pending,"[]","[]","https://www.blackbookhouston.com","["review_only","pickup_review_required","order_anywhere_review_required"]",no,"not_approved;category_ids_empty","Admin review;Assign category_ids"
68,"Blessed Beauty Supply & Salon",Houston,TX,16,"Beauty Supply/Hair Providers",pending,"[]","[]","https://www.google.com/search?q=Blessed%20Beauty%20Supply%20%26%20Salon%20Houston","["review_only","pickup_review_required","order_anywhere_review_required"]",no,"not_approved;category_ids_empty","Admin review;Assign category_ids"
69,"Anan Beauty Supply",Houston,TX,16,"Beauty Supply/Hair Providers",pending,"[]","[]","https://www.google.com/search?q=Anan%20Beauty%20Supply%20Houston","["review_only","pickup_review_required","order_anywhere_review_required"]",no,"not_approved;category_ids_empty","Admin review;Assign category_ids"
70,"Uptown Beauty Supply #15",Houston,TX,16,"Beauty Supply/Hair Providers",pending,"[]","[]","https://www.google.com/search?q=Uptown%20Beauty%20Supply%20%2315%20Houston","["review_only","pickup_review_required","order_anywhere_review_required"]",no,"not_approved;category_ids_empty","Admin review;Assign category_ids"
71,"Beauty Sense LLC",Houston,TX,16,"Beauty Supply/Hair Providers",pending,"[]","[]","https://www.google.com/search?q=Beauty%20Sense%20LLC%20Houston","["review_only","pickup_review_required","order_anywhere_review_required"]",no,"not_approved;category_ids_empty","Admin review;Assign category_ids"
72,"C&R Beauty Supply",Houston,TX,16,"Beauty Supply/Hair Providers",pending,"[]","[]","https://www.google.com/search?q=C%26R%20Beauty%20Supply%20Houston","["review_only","pickup_review_required","order_anywhere_review_required"]",no,"not_approved;category_ids_empty","Admin review;Assign category_ids"
73,"Royal Hair Weave Boutique",Houston,TX,16,"Beauty Supply/Hair Providers",pending,"[]","[]","https://www.instagram.com/royalhairweavesboutique","["review_only","pickup_review_required","order_anywhere_review_required"]",no,"not_approved;category_ids_empty","Admin review;Assign category_ids"
74,"Classic Crown Supplies",Houston,TX,16,"Beauty Supply/Hair Providers",pending,"[]","[]","https://www.instagram.com/classiccrownsupplies","["review_only","pickup_review_required","order_anywhere_review_required"]",no,"not_approved;category_ids_empty","Admin review;Assign category_ids"
75,"Zuriel Pharmacy",Houston,TX,10,"Pharmacy/Health",pending,"[]","[]","https://www.google.com/search?q=Zuriel%20Pharmacy%20Houston","["review_only","pickup_review_required","order_anywhere_review_required"]",no,"not_approved;category_ids_empty","Admin review;Assign category_ids"
76,"Nature Green Leaf Pharmacy",Houston,TX,10,"Pharmacy/Health",pending,"[]","[]","https://www.google.com/search?q=Nature%20Green%20Leaf%20Pharmacy%20Houston","["review_only","pickup_review_required","order_anywhere_review_required"]",no,"not_approved;category_ids_empty","Admin review;Assign category_ids"
77,"Healthy Life Pharmacy",Houston,TX,10,"Pharmacy/Health",pending,"[]","[]","https://www.google.com/search?q=Healthy+Life+Pharmacy+Houston","["review_only","pickup_review_required","order_anywhere_review_required"]",no,"not_approved;category_ids_empty","Admin review;Assign category_ids"
78,"PowerRX Pharmacy",Houston,TX,10,"Pharmacy/Health",pending,"[]","[]","https://www.google.com/search?q=PowerRX%20Pharmacy%20Houston","["review_only","pickup_review_required","order_anywhere_review_required"]",no,"not_approved;category_ids_empty","Admin review;Assign category_ids"
79,"Wellness Point HTX",Houston,TX,10,"Pharmacy/Health",pending,"[]","[]","https://www.instagram.com/wellnesspointhtx","["review_only","pickup_review_required","order_anywhere_review_required"]",no,"not_approved;category_ids_empty","Admin review;Assign category_ids"
80,"Central Apothecary HTX",Houston,TX,10,"Pharmacy/Health",pending,"[]","[]","https://www.instagram.com/centralapothecary","["review_only","pickup_review_required","order_anywhere_review_required"]",no,"not_approved;category_ids_empty","Admin review;Assign category_ids"
81,"Lady Teez Medical Courier",Houston,TX,9,"Courier/Parcel Delivery",pending,"[]","[]","https://www.google.com/search?q=Lady%20Teez%20Medical%20Courier%20Houston","["review_only","pickup_review_required","order_anywhere_review_required"]",no,"not_approved;category_ids_empty","Admin review;Assign category_ids"
82,"Silver Streak Couriers",Houston,TX,9,"Courier/Parcel Delivery",pending,"[]","[]","https://www.google.com/search?q=Silver%20Streak%20Couriers%20Houston","["review_only","pickup_review_required","order_anywhere_review_required"]",no,"not_approved;category_ids_empty","Admin review;Assign category_ids"
83,"Journee Courier HTX",Houston,TX,9,"Courier/Parcel Delivery",pending,"[]","[]","https://www.google.com/search?q=Journee+Courier+Houston","["review_only","pickup_review_required","order_anywhere_review_required"]",no,"not_approved;category_ids_empty","Admin review;Assign category_ids"
84,"Meratrans Courier & Dispatch",Houston,TX,9,"Courier/Parcel Delivery",pending,"[]","[]","https://www.google.com/search?q=Meratrans%20Courier%20%26%20Dispatch%20Houston","["review_only","pickup_review_required","order_anywhere_review_required"]",no,"not_approved;category_ids_empty","Admin review;Assign category_ids"
85,"AREA Express",Houston,TX,9,"Courier/Parcel Delivery",pending,"[]","[]","https://www.instagram.com/areacourierservice","["review_only","pickup_review_required","order_anywhere_review_required"]",no,"not_approved;category_ids_empty","Admin review;Assign category_ids"
86,"Maylee Delivery HTX",Houston,TX,9,"Courier/Parcel Delivery",pending,"[]","[]","https://www.blackbookhouston.com","["review_only","pickup_review_required","order_anywhere_review_required"]",no,"not_approved;category_ids_empty","Admin review;Assign category_ids"
87,"By Taylor Brione Events",Houston,TX,11,"Local Events/Creators",pending,"[]","[]","https://www.google.com/search?q=By%20Taylor%20Brione%20Events%20Houston","["review_only","pickup_review_required","order_anywhere_review_required"]",no,"not_approved;category_ids_empty","Admin review;Assign category_ids"
88,"Events By Tab / Soirée Event Venues",Houston,TX,11,"Local Events/Creators",pending,"[]","[]","https://www.google.com/search?q=Events%20By%20Tab%20%2F%20Soir%C3%A9e%20Event%20Venues+Houston+TX","["review_only","pickup_review_required","order_anywhere_review_required"]",no,"not_approved;category_ids_empty","Admin review;Assign category_ids"
89,"A to Z Events HTX",Houston,TX,11,"Local Events/Creators",pending,"[]","[]","https://www.blackbookhouston.com","["review_only","pickup_review_required","order_anywhere_review_required"]",no,"not_approved;category_ids_empty","Admin review;Assign category_ids"
90,"Doyin Fash Events",Houston,TX,11,"Local Events/Creators",pending,"[]","[]","https://www.google.com/search?q=Doyin%20Fash%20Events%20Houston","["review_only","pickup_review_required","order_anywhere_review_required"]",no,"not_approved;category_ids_empty","Admin review;Assign category_ids"
91,"ABIBI Bridal",Houston,TX,11,"Local Events/Creators",pending,"[]","[]","https://www.google.com/search?q=ABIBI%20Bridal%20Houston","["review_only","pickup_review_required","order_anywhere_review_required"]",no,"not_approved;category_ids_empty","Admin review;Assign category_ids"
92,"Vivid Glam Artistry",Houston,TX,11,"Local Events/Creators",pending,"[]","[]","https://www.google.com/search?q=Vivid%20Glam%20Artistry%20Houston","["review_only","pickup_review_required","order_anywhere_review_required"]",no,"not_approved;category_ids_empty","Admin review;Assign category_ids"
93,"Social Tea HTX",Houston,TX,11,"Local Events/Creators",pending,"[130]","1","https://www.google.com/search?q=Social%20Tea%20HTX%20Houston","["review_only","pickup_review_required","order_anywhere_review_required"]",no,"not_approved","Admin review"
94,"Creative Pop-up Collective HTX",Houston,TX,11,"Local Events/Creators",pending,"[]","[]","https://www.google.com/search?q=Creative%20Pop-up%20Collective%20HTX%20Houston","["review_only","pickup_review_required","order_anywhere_review_required"]",no,"not_approved;category_ids_empty","Admin review;Assign category_ids"
95,"Arnita's Kandi Kakes",Houston,TX,6,"Home-Based Businesses",pending,"[]","[]","https://www.instagram.com/arnitaskandikakes","["review_only","pickup_review_required","order_anywhere_review_required"]",no,"not_approved;category_ids_empty","Admin review;Assign category_ids"
96,"Chic Sweets Bakery",Houston,TX,6,"Home-Based Businesses",pending,"[]","[]","https://www.instagram.com/chicsweetsbakery","["review_only","pickup_review_required","order_anywhere_review_required"]",no,"not_approved;category_ids_empty","Admin review;Assign category_ids"
97,"Gateaux d'Ije Bakery",Houston,TX,6,"Home-Based Businesses",pending,"[]","[]","https://www.google.com/search?q=Gateaux%20d'Ije%20Bakery%20Houston","["review_only","pickup_review_required","order_anywhere_review_required"]",no,"not_approved;category_ids_empty","Admin review;Assign category_ids"
98,"Catering by FDL",Houston,TX,6,"Home-Based Businesses",pending,"[]","[]","https://www.google.com/search?q=Catering%20by%20FDL%20Houston","["review_only","pickup_review_required","order_anywhere_review_required"]",no,"not_approved;category_ids_empty","Admin review;Assign category_ids"
99,"Lunch Bunch HTX",Houston,TX,6,"Home-Based Businesses",pending,"[]","[]","https://www.blackbookhouston.com","["review_only","pickup_review_required","order_anywhere_review_required"]",no,"not_approved;category_ids_empty","Admin review;Assign category_ids"
100,"Sweet Art Bakery",Houston,TX,6,"Home-Based Businesses",pending,"[]","[]","https://www.instagram.com/sweetartbakeryhtx","["review_only","pickup_review_required","order_anywhere_review_required"]",no,"not_approved;category_ids_empty","Admin review;Assign category_ids"
101,"Crafted by Koi",Houston,TX,6,"Home-Based Businesses",pending,"[]","[]","https://www.blackbookhouston.com","["review_only","pickup_review_required","order_anywhere_review_required"]",no,"not_approved;category_ids_empty","Admin review;Assign category_ids"
102,"Rooted Floral HTX",Houston,TX,6,"Home-Based Businesses",pending,"[]","[]","https://www.instagram.com/rootedfloralhtx","["review_only","pickup_review_required","order_anywhere_review_required"]",no,"not_approved;category_ids_empty","Admin review;Assign category_ids"
103,"Mr. Guillory's Master Barber Shop",Houston,TX,14,"Beauty/Personal Care",pending,"[]","[]","https://www.facebook.com/mrguillorysbarbershop","["review_only","pickup_review_required","order_anywhere_review_required"]",no,"not_approved;category_ids_empty;inactive_module","Admin review;Assign category_ids;Activate module first"
104,"Sarem's Barber & Beauty Ethiopian Salon",Houston,TX,14,"Beauty/Personal Care",pending,"[]","[]","https://www.google.com/search?q=Sarem's%20Barber%20%26%20Beauty%20Ethiopian%20Salon%20Houston","["review_only","pickup_review_required","order_anywhere_review_required"]",no,"not_approved;category_ids_empty;inactive_module","Admin review;Assign category_ids;Activate module first"
105,"Brashae's Beauty Salon & Supply",Houston,TX,14,"Beauty/Personal Care",pending,"[]","[]","https://www.google.com/search?q=Brashae's%20Beauty%20Salon%20%26%20Supply%20Houston","["review_only","pickup_review_required","order_anywhere_review_required"]",no,"not_approved;category_ids_empty;inactive_module","Admin review;Assign category_ids;Activate module first"
106,"Divine Beauty Studio",Houston,TX,14,"Beauty/Personal Care",pending,"[]","[]","https://www.instagram.com/divinebeautystudio","["review_only","pickup_review_required","order_anywhere_review_required"]",no,"not_approved;category_ids_empty;inactive_module","Admin review;Assign category_ids;Activate module first"
107,"The Nail Lounge HTX",Houston,TX,14,"Beauty/Personal Care",pending,"[]","[]","https://www.instagram.com/thenailloungehtx","["review_only","pickup_review_required","order_anywhere_review_required"]",no,"not_approved;category_ids_empty;inactive_module","Admin review;Assign category_ids;Activate module first"
108,"Glow Skincare Studio",Houston,TX,14,"Beauty/Personal Care",pending,"[823]","1","https://www.instagram.com/glowskincarestudio","["review_only","pickup_review_required","order_anywhere_review_required"]",no,"not_approved;inactive_module","Admin review;Activate module first"
109,"Radiance Med Spa",Houston,TX,14,"Beauty/Personal Care",pending,"[]","[]","https://www.blackbookhouston.com","["review_only","pickup_review_required","order_anywhere_review_required"]",no,"not_approved;category_ids_empty;inactive_module","Admin review;Assign category_ids;Activate module first"
110,"Damian's Cajun Soul Cafe",Dallas,TX,4,"Restaurants/Brick and Mortar",pending,"[]","[]","https://www.damianscajunsoulcafe.com","["review_only","pickup_review_required","order_anywhere_review_required"]",no,"not_approved;category_ids_empty","Admin review;Assign category_ids"
111,"TLC Vegan Kitchen",Dallas,TX,4,"Restaurants/Brick and Mortar",pending,"[]","[]","https://www.tlckitchen.com","["review_only","pickup_review_required","order_anywhere_review_required"]",no,"not_approved;category_ids_empty","Admin review;Assign category_ids"
112,"Catfish Floyd's",Dallas,TX,4,"Restaurants/Brick and Mortar",pending,"[]","[]","https://www.catfishfloyds.com","["review_only","pickup_review_required","order_anywhere_review_required"]",no,"not_approved;category_ids_empty","Admin review;Assign category_ids"
113,"Roots Southern Table",Dallas,TX,4,"Restaurants/Brick and Mortar",pending,"[]","[]","https://www.google.com/search?q=Roots%20Southern%20Table%20Dallas","["review_only","pickup_review_required","order_anywhere_review_required"]",no,"not_approved;category_ids_empty","Admin review;Assign category_ids"
114,"Brunch Society DAL",Dallas,TX,11,"Local Events/Creators",pending,"[]","[]","https://www.instagram.com/brunchsocietydal","["review_only","pickup_review_required","order_anywhere_review_required"]",no,"not_approved;category_ids_empty","Admin review;Assign category_ids"
115,"Kitchen + Kocktails",Dallas,TX,4,"Restaurants/Brick and Mortar",pending,"[]","[]","https://www.google.com/search?q=Kitchen%20%2B%20Kocktails%20Dallas","["review_only","pickup_review_required","order_anywhere_review_required"]",no,"not_approved;category_ids_empty","Admin review;Assign category_ids"
116,"Sankofa Kitchen",Dallas,TX,4,"Restaurants/Brick and Mortar",pending,"[]","[]","https://www.google.com/search?q=Sankofa%20Kitchen%20Dallas","["review_only","pickup_review_required","order_anywhere_review_required"]",no,"not_approved;category_ids_empty","Admin review;Assign category_ids"
117,"Pangea Restaurant",Dallas,TX,4,"Restaurants/Brick and Mortar",pending,"[]","[]","https://www.google.com/search?q=Pangea%20Restaurant%20Dallas","["review_only","pickup_review_required","order_anywhere_review_required"]",no,"not_approved;category_ids_empty","Admin review;Assign category_ids"
118,"The Breakfast Brothers",Dallas,TX,4,"Restaurants/Brick and Mortar",pending,"[]","[]","https://www.google.com/search?q=The%20Breakfast%20Brothers+Dallas+TX","["review_only","pickup_review_required","order_anywhere_review_required"]",no,"not_approved;category_ids_empty","Admin review;Assign category_ids"
119,"Lil Boy Blue BBQ",Dallas,TX,12,"Food Trucks",pending,"[13,50]","1|1","https://www.google.com/search?q=Lil%20Boy%20Blue%20BBQ+Dallas+TX","["review_only","pickup_review_required","order_anywhere_review_required"]",no,"not_approved","Admin review"
120,"Shells & Tails 2 Geaux",Dallas,TX,12,"Food Trucks",pending,"[51]","1","https://www.google.com/search?q=Shells%20%26%20Tails%202%20Geaux+Dallas+TX","["review_only","pickup_review_required","order_anywhere_review_required"]",no,"not_approved","Admin review"
121,"Vegan Vibrationz",Dallas,TX,12,"Food Trucks",pending,"[]","[]","https://www.google.com/search?q=Vegan%20Vibrationz+Dallas+TX","["review_only","pickup_review_required","order_anywhere_review_required"]",no,"not_approved;category_ids_empty","Admin review;Assign category_ids"
122,"Cake Bar Dallas",Dallas,TX,5,"Grocery/Marketz",pending,"[]","[]","https://www.google.com/search?q=Cake%20Bar%20Dallas+Dallas+TX","["review_only","pickup_review_required","order_anywhere_review_required"]",no,"not_approved;category_ids_empty","Admin review;Assign category_ids"
123,"Tre Stelle Coffee Co.",Dallas,TX,5,"Grocery/Marketz",pending,"[]","[]","https://www.google.com/search?q=Tre%20Stelle%20Coffee%20Co.+Dallas+TX","["review_only","pickup_review_required","order_anywhere_review_required"]",no,"not_approved;category_ids_empty","Admin review;Assign category_ids"
124,"Flavors Wings N Daiquiris",Dallas,TX,4,"Restaurants/Brick and Mortar",pending,"[]","[]","https://www.google.com/search?q=Flavors%20Wings%20N%20Daiquiris+Dallas+TX","["review_only","pickup_review_required","order_anywhere_review_required"]",no,"not_approved;category_ids_empty","Admin review;Assign category_ids"
125,"The Daiquiri Shoppe",Dallas,TX,4,"Restaurants/Brick and Mortar",pending,"[]","[]","https://www.google.com/search?q=The%20Daiquiri%20Shoppe+Dallas+TX","["review_only","pickup_review_required","order_anywhere_review_required"]",no,"not_approved;category_ids_empty","Admin review;Assign category_ids"
126,"Reggae Jerk Hut",Dallas,TX,4,"Restaurants/Brick and Mortar",pending,"[]","[]","https://www.google.com/search?q=Reggae%20Jerk%20Hut+Dallas+TX","["review_only","pickup_review_required","order_anywhere_review_required"]",no,"not_approved;category_ids_empty","Admin review;Assign category_ids"
127,"Winsome Prime",Dallas,TX,4,"Restaurants/Brick and Mortar",pending,"[]","[]","https://www.google.com/search?q=Winsome%20Prime+Dallas+TX","["review_only","pickup_review_required","order_anywhere_review_required"]",no,"not_approved;category_ids_empty","Admin review;Assign category_ids"
128,"Big Moe's Custom Catering",Dallas,TX,6,"Home-Based Businesses",pending,"[]","[]","https://www.google.com/search?q=Big%20Moe's%20Custom%20Catering+Dallas+TX","["review_only","pickup_review_required","order_anywhere_review_required"]",no,"not_approved;category_ids_empty","Admin review;Assign category_ids"
129,"Brown Bag Gourmet Coffees",Dallas,TX,5,"Grocery/Marketz",pending,"[]","[]","https://www.google.com/search?q=Brown%20Bag%20Gourmet%20Coffees+Dallas+TX","["review_only","pickup_review_required","order_anywhere_review_required"]",no,"not_approved;category_ids_empty","Admin review;Assign category_ids"
130,"Sacred Heart Co.",Dallas,TX,13,"Retail/Shopping",pending,"[]","[]","https://www.google.com/search?q=Sacred%20Heart%20Co.+Dallas+TX","["review_only","pickup_review_required","order_anywhere_review_required"]",no,"not_approved;category_ids_empty","Admin review;Assign category_ids"
131,"Manifest Your Purpose",Dallas,TX,13,"Retail/Shopping",pending,"[]","[]","https://www.google.com/search?q=Manifest%20Your%20Purpose+Dallas+TX","["review_only","pickup_review_required","order_anywhere_review_required"]",no,"not_approved;category_ids_empty","Admin review;Assign category_ids"
132,"Gossip Shack",Austin,TX,4,"Restaurants/Brick and Mortar",pending,"[]","[]","https://www.google.com/search?q=Gossip%20Shack%20Austin","["review_only","pickup_review_required","order_anywhere_review_required"]",no,"not_approved;category_ids_empty","Admin review;Assign category_ids"
133,"Watts-That Soul Food",Austin,TX,4,"Restaurants/Brick and Mortar",pending,"[]","[]","https://www.google.com/search?q=Watts-That%20Soul%20Food%20Austin","["review_only","pickup_review_required","order_anywhere_review_required"]",no,"not_approved;category_ids_empty","Admin review;Assign category_ids"
134,"Whip My Soul",Austin,TX,4,"Restaurants/Brick and Mortar",pending,"[]","[]","https://www.google.com/search?q=Whip%20My%20Soul%20Austin","["review_only","pickup_review_required","order_anywhere_review_required"]",no,"not_approved;category_ids_empty","Admin review;Assign category_ids"
135,"Hoover's Cooking",Austin,TX,4,"Restaurants/Brick and Mortar",pending,"[]","[]","https://www.google.com/search?q=Hoover's%20Cooking%20Austin","["review_only","pickup_review_required","order_anywhere_review_required"]",no,"not_approved;category_ids_empty","Admin review;Assign category_ids"
136,"Big Easy Bar & Grill",Austin,TX,4,"Restaurants/Brick and Mortar",pending,"[]","[]","https://www.google.com/search?q=Big%20Easy%20Bar%20%26%20Grill%20Austin","["review_only","pickup_review_required","order_anywhere_review_required"]",no,"not_approved;category_ids_empty","Admin review;Assign category_ids"
137,"Rolling Rooster",Austin,TX,12,"Food Trucks",pending,"[52]","1","https://www.google.com/search?q=Rolling%20Rooster+Austin+TX","["review_only","pickup_review_required","order_anywhere_review_required"]",no,"not_approved","Admin review"
138,"Les Bobos Crepes",Austin,TX,12,"Food Trucks",pending,"[]","[]","https://www.google.com/search?q=Les%20Bobos%20Crepes+Austin+TX","["review_only","pickup_review_required","order_anywhere_review_required"]",no,"not_approved;category_ids_empty","Admin review;Assign category_ids"
139,"Clean Juice Round Rock",Austin,TX,5,"Grocery/Marketz",pending,"[]","[]","https://www.google.com/search?q=Clean%20Juice%20Round%20Rock+Austin+TX","["review_only","pickup_review_required","order_anywhere_review_required"]",no,"not_approved;category_ids_empty","Admin review;Assign category_ids"
140,"Dia's Market",Austin,TX,5,"Grocery/Marketz",pending,"[]","[]","https://www.google.com/search?q=Dia's%20Market+Austin+TX","["review_only","pickup_review_required","order_anywhere_review_required"]",no,"not_approved;category_ids_empty","Admin review;Assign category_ids"
141,"Gigi's Cupcakes Austin",Austin,TX,5,"Grocery/Marketz",pending,"[]","[]","https://www.google.com/search?q=Gigi's%20Cupcakes%20Austin+Austin+TX","["review_only","pickup_review_required","order_anywhere_review_required"]",no,"not_approved;category_ids_empty","Admin review;Assign category_ids"
142,"Kreyol Korner Caribbean Cuisine",Austin,TX,12,"Food Trucks",pending,"[55]","1","https://www.google.com/search?q=Kreyol%20Korner%20Caribbean%20Cuisine+Austin+TX","["review_only","pickup_review_required","order_anywhere_review_required"]",no,"not_approved","Admin review"
143,"Brown's Bar-B-Que",Austin,TX,4,"Restaurants/Brick and Mortar",pending,"[14]","1","https://www.google.com/search?q=Brown's%20Bar-B-Que+Austin+TX","["review_only","pickup_review_required","order_anywhere_review_required"]",no,"not_approved","Admin review"
144,"Tony's Jamaican Food",Austin,TX,4,"Restaurants/Brick and Mortar",pending,"[]","[]","https://www.google.com/search?q=Tony's%20Jamaican%20Food+Austin+TX","["review_only","pickup_review_required","order_anywhere_review_required"]",no,"not_approved;category_ids_empty","Admin review;Assign category_ids"
145,"LUX Boards ATX",Austin,TX,6,"Home-Based Businesses",pending,"[]","[]","https://www.google.com/search?q=LUX%20Boards%20ATX+Austin+TX","["review_only","pickup_review_required","order_anywhere_review_required"]",no,"not_approved;category_ids_empty","Admin review;Assign category_ids"
146,"Playhouse Moving",Austin,TX,9,"Courier/Parcel Delivery",pending,"[]","[]","https://www.google.com/search?q=Playhouse%20Moving+Austin+TX","["review_only","pickup_review_required","order_anywhere_review_required"]",no,"not_approved;category_ids_empty","Admin review;Assign category_ids"
147,"R&B's Steak and Fries",Austin,TX,4,"Restaurants/Brick and Mortar",pending,"[]","[]","https://www.google.com/search?q=R%26B's%20Steak%20and%20Fries+Austin+TX","["review_only","pickup_review_required","order_anywhere_review_required"]",no,"not_approved;category_ids_empty","Admin review;Assign category_ids"
148,"Sassy's Vegetarian Soul Food",Austin,TX,4,"Restaurants/Brick and Mortar",pending,"[]","[]","https://www.google.com/search?q=Sassy's%20Vegetarian%20Soul%20Food+Austin+TX","["review_only","pickup_review_required","order_anywhere_review_required"]",no,"not_approved;category_ids_empty","Admin review;Assign category_ids"
149,"Cranky Granny's Sweet Rolls",Austin,TX,5,"Grocery/Marketz",pending,"[]","[]","https://www.google.com/search?q=Cranky%20Granny's%20Sweet%20Rolls+Austin+TX","["review_only","pickup_review_required","order_anywhere_review_required"]",no,"not_approved;category_ids_empty","Admin review;Assign category_ids"
150,"3 Small Plates Catering",Austin,TX,6,"Home-Based Businesses",pending,"[]","[]","https://www.google.com/search?q=3%20Small%20Plates%20Catering+Austin+TX","["review_only","pickup_review_required","order_anywhere_review_required"]",no,"not_approved;category_ids_empty","Admin review;Assign category_ids"
151,"Black Butterfly Bath & Body",Austin,TX,13,"Retail/Shopping",pending,"[]","[]","https://www.google.com/search?q=Black%20Butterfly%20Bath%20%26%20Body+Austin+TX","["review_only","pickup_review_required","order_anywhere_review_required"]",no,"not_approved;category_ids_empty","Admin review;Assign category_ids"
152,"Tava Lifestyle and Wellness",Austin,TX,10,"Pharmacy/Health",pending,"[]","[]","https://www.google.com/search?q=Tava%20Lifestyle%20and%20Wellness+Austin+TX","["review_only","pickup_review_required","order_anywhere_review_required"]",no,"not_approved;category_ids_empty","Admin review;Assign category_ids"
153,"Jamaican Spyci Flavaz",Huntsville,TX,4,"Restaurants/Brick and Mortar",pending,"[]","[]","https://www.google.com/search?q=Jamaican%20Spyci%20Flavaz%20Huntsville","["review_only","pickup_review_required","order_anywhere_review_required"]",no,"not_approved;category_ids_empty","Admin review;Assign category_ids"
154,"Kings Soul Seasoning",Huntsville,TX,5,"Grocery/Marketz",pending,"[]","[]","https://www.google.com/search?q=Kings%20Soul%20Seasoning%20Huntsville","["review_only","pickup_review_required","order_anywhere_review_required"]",no,"not_approved;category_ids_empty","Admin review;Assign category_ids"
155,"Big Johns BBQ",Huntsville,TX,4,"Restaurants/Brick and Mortar",pending,"[14]","1","https://www.google.com/search?q=Big%20Johns%20BBQ%20Huntsville","["review_only","pickup_review_required","order_anywhere_review_required"]",no,"not_approved","Admin review"
156,"Huntsville Nutrition Center",Huntsville,TX,10,"Pharmacy/Health",pending,"[]","[]","https://www.google.com/search?q=Huntsville%20Nutrition%20Center%20Huntsville","["review_only","pickup_review_required","order_anywhere_review_required"]",no,"not_approved;category_ids_empty","Admin review;Assign category_ids"
157,"Touch of Class Boutique",Huntsville,TX,13,"Retail/Shopping",pending,"[]","[]","https://www.google.com/search?q=Touch%20of%20Class%20Boutique%20Huntsville","["review_only","pickup_review_required","order_anywhere_review_required"]",no,"not_approved;category_ids_empty","Admin review;Assign category_ids"
158,"KC's Food Truck",Huntsville,TX,12,"Food Trucks",pending,"[]","[]","https://www.google.com/search?q=KC's%20Food%20Truck+Huntsville+TX","["review_only","pickup_review_required","order_anywhere_review_required"]",no,"not_approved;category_ids_empty","Admin review;Assign category_ids"
159,"Smooth Moves Courier",Huntsville,TX,9,"Courier/Parcel Delivery",pending,"[]","[]","https://www.google.com/search?q=Smooth%20Moves%20Courier+Huntsville+TX","["review_only","pickup_review_required","order_anywhere_review_required"]",no,"not_approved;category_ids_empty","Admin review;Assign category_ids"
160,"Walker County Event Collective",Huntsville,TX,11,"Local Events/Creators",pending,"[]","[]","https://www.google.com/search?q=Walker%20County%20Event%20Collective+Huntsville+TX","["review_only","pickup_review_required","order_anywhere_review_required"]",no,"not_approved;category_ids_empty","Admin review;Assign category_ids"
161,"Sweet Creations Bakery",Huntsville,TX,6,"Home-Based Businesses",pending,"[]","[]","https://www.google.com/search?q=Sweet%20Creations%20Bakery+Huntsville+TX","["review_only","pickup_review_required","order_anywhere_review_required"]",no,"not_approved;category_ids_empty","Admin review;Assign category_ids"
162,"Precision Cuts Barbershop",Huntsville,TX,14,"Beauty/Personal Care",pending,"[]","[]","https://www.google.com/search?q=Precision%20Cuts%20Barbershop+Huntsville+TX","["review_only","pickup_review_required","order_anywhere_review_required"]",no,"not_approved;category_ids_empty;inactive_module","Admin review;Assign category_ids;Activate module first"
163,"1918 Catering",Birmingham,AL,6,"Home-Based Businesses",pending,"[]","[]","https://www.google.com/search?q=1918%20Catering%20Birmingham","["review_only","pickup_review_required","order_anywhere_review_required"]",no,"not_approved;category_ids_empty","Admin review;Assign category_ids"
164,"Alamerica Bank",Birmingham,AL,10,"Pharmacy/Health",pending,"[]","[]","https://www.google.com/search?q=Alamerica%20Bank%20Birmingham","["review_only","pickup_review_required","order_anywhere_review_required"]",no,"not_approved;category_ids_empty","Admin review;Assign category_ids"
165,"Eagle's Restaurant",Birmingham,AL,4,"Restaurants/Brick and Mortar",pending,"[]","[]","https://www.google.com/search?q=Eagle's%20Restaurant%20Birmingham","["review_only","pickup_review_required","order_anywhere_review_required"]",no,"not_approved;category_ids_empty","Admin review;Assign category_ids"
166,"Saw's Soul Kitchen",Birmingham,AL,4,"Restaurants/Brick and Mortar",pending,"[14]","1","https://www.google.com/search?q=Saw's%20Soul%20Kitchen%20Birmingham","["review_only","pickup_review_required","order_anywhere_review_required"]",no,"not_approved","Admin review"
167,"Bistro 218",Birmingham,AL,4,"Restaurants/Brick and Mortar",pending,"[]","[]","https://www.google.com/search?q=Bistro%20218%20Birmingham","["review_only","pickup_review_required","order_anywhere_review_required"]",no,"not_approved;category_ids_empty","Admin review;Assign category_ids"
168,"Mudtown Restaurant",Birmingham,AL,4,"Restaurants/Brick and Mortar",pending,"[]","[]","https://www.google.com/search?q=Mudtown%20Restaurant+Birmingham+AL","["review_only","pickup_review_required","order_anywhere_review_required"]",no,"not_approved;category_ids_empty","Admin review;Assign category_ids"
169,"Johnny's Shrimp Boat",Birmingham,AL,12,"Food Trucks",pending,"[51]","1","https://www.google.com/search?q=Johnny's%20Shrimp%20Boat+Birmingham+AL","["review_only","pickup_review_required","order_anywhere_review_required"]",no,"not_approved","Admin review"
170,"The Vegan Lady",Birmingham,AL,12,"Food Trucks",pending,"[]","[]","https://www.google.com/search?q=The%20Vegan%20Lady+Birmingham+AL","["review_only","pickup_review_required","order_anywhere_review_required"]",no,"not_approved;category_ids_empty","Admin review;Assign category_ids"
171,"Piggly Wiggly Alabama",Birmingham,AL,5,"Grocery/Marketz",pending,"[]","[]","https://www.google.com/search?q=Piggly%20Wiggly%20Alabama+Birmingham+AL","["review_only","pickup_review_required","order_anywhere_review_required"]",no,"not_approved;category_ids_empty","Admin review;Assign category_ids"
172,"Naturally Yours Market",Birmingham,AL,5,"Grocery/Marketz",pending,"[]","[]","https://www.google.com/search?q=Naturally%20Yours%20Market+Birmingham+AL","["review_only","pickup_review_required","order_anywhere_review_required"]",no,"not_approved;category_ids_empty","Admin review;Assign category_ids"
173,"Feet on the Street Courier",Birmingham,AL,9,"Courier/Parcel Delivery",pending,"[]","[]","https://www.google.com/search?q=Feet%20on%20the%20Street%20Courier+Birmingham+AL","["review_only","pickup_review_required","order_anywhere_review_required"]",no,"not_approved;category_ids_empty","Admin review;Assign category_ids"
174,"BJCC Event Services",Birmingham,AL,11,"Local Events/Creators",pending,"[]","[]","https://www.google.com/search?q=BJCC%20Event%20Services+Birmingham+AL","["review_only","pickup_review_required","order_anywhere_review_required"]",no,"not_approved;category_ids_empty","Admin review;Assign category_ids"
175,"Ava's Custom Cakes",Birmingham,AL,6,"Home-Based Businesses",pending,"[]","[]","https://www.google.com/search?q=Ava's%20Custom%20Cakes+Birmingham+AL","["review_only","pickup_review_required","order_anywhere_review_required"]",no,"not_approved;category_ids_empty","Admin review;Assign category_ids"
176,"404 Coffee",Atlanta,GA,4,"Restaurants/Brick and Mortar",pending,"[]","[]","https://www.404coffeeroasters.com","["review_only","pickup_review_required","order_anywhere_review_required"]",no,"not_approved;category_ids_empty","Admin review;Assign category_ids"
177,"Rivet Boy's Clothing & Accessories",Atlanta,GA,13,"Retail/Shopping",pending,"[85]","1","https://www.google.com/search?q=Rivet%20Boy's%20Clothing%20%26%20Accessories%20Atlanta","["review_only","pickup_review_required","order_anywhere_review_required"]",no,"not_approved","Admin review"
178,"Paschal's Restaurant",Atlanta,GA,4,"Restaurants/Brick and Mortar",pending,"[]","[]","https://www.google.com/search?q=Paschal's%20Restaurant+Atlanta+GA","["review_only","pickup_review_required","order_anywhere_review_required"]",no,"not_approved;category_ids_empty","Admin review;Assign category_ids"
179,"Busy Bee Cafe",Atlanta,GA,4,"Restaurants/Brick and Mortar",pending,"[]","[]","https://www.google.com/search?q=Busy%20Bee%20Cafe+Atlanta+GA","["review_only","pickup_review_required","order_anywhere_review_required"]",no,"not_approved;category_ids_empty","Admin review;Assign category_ids"
180,"Mary Mac's Tea Room",Atlanta,GA,4,"Restaurants/Brick and Mortar",pending,"[]","[]","https://www.google.com/search?q=Mary%20Mac's%20Tea%20Room%20Atlanta","["review_only","pickup_review_required","order_anywhere_review_required"]",no,"not_approved;category_ids_empty","Admin review;Assign category_ids"
181,"Gladys Knight's Chicken & Waffles",Atlanta,GA,4,"Restaurants/Brick and Mortar",pending,"[]","[]","https://www.google.com/search?q=Gladys%20Knight's%20Chicken%20%26%20Waffles%20Atlanta","["review_only","pickup_review_required","order_anywhere_review_required"]",no,"not_approved;category_ids_empty","Admin review;Assign category_ids"
182,"Mary's Bar-B-Que",Atlanta,GA,4,"Restaurants/Brick and Mortar",pending,"[14]","1","https://www.google.com/search?q=Mary's%20Bar-B-Que+Atlanta+GA","["review_only","pickup_review_required","order_anywhere_review_required"]",no,"not_approved","Admin review"
183,"The Comfort Kitchen ATL",Atlanta,GA,12,"Food Trucks",pending,"[]","[]","https://www.google.com/search?q=The%20Comfort%20Kitchen%20ATL+Atlanta+GA","["review_only","pickup_review_required","order_anywhere_review_required"]",no,"not_approved;category_ids_empty","Admin review;Assign category_ids"
184,"Da Vegan Guru",Atlanta,GA,12,"Food Trucks",pending,"[]","[]","https://www.google.com/search?q=Da%20Vegan%20Guru+Atlanta+GA","["review_only","pickup_review_required","order_anywhere_review_required"]",no,"not_approved;category_ids_empty","Admin review;Assign category_ids"
185,"Sevananda Natural Foods Market",Atlanta,GA,5,"Grocery/Marketz",pending,"[]","[]","https://www.google.com/search?q=Sevananda%20Natural%20Foods%20Market+Atlanta+GA","["review_only","pickup_review_required","order_anywhere_review_required"]",no,"not_approved;category_ids_empty","Admin review;Assign category_ids"
186,"Your Dekalb Farmers Market",Atlanta,GA,5,"Grocery/Marketz",pending,"[]","[]","https://www.google.com/search?q=Your%20Dekalb%20Farmers%20Market+Atlanta+GA","["review_only","pickup_review_required","order_anywhere_review_required"]",no,"not_approved;category_ids_empty","Admin review;Assign category_ids"
187,"Harold's Beauty Supply",Atlanta,GA,16,"Beauty Supply/Hair Providers",pending,"[]","[]","https://www.google.com/search?q=Harold's%20Beauty%20Supply+Atlanta+GA","["review_only","pickup_review_required","order_anywhere_review_required"]",no,"not_approved;category_ids_empty","Admin review;Assign category_ids"
188,"Morris Pharmacy",Atlanta,GA,10,"Pharmacy/Health",pending,"[]","[]","https://www.google.com/search?q=Morris%20Pharmacy+Atlanta+GA","["review_only","pickup_review_required","order_anywhere_review_required"]",no,"not_approved;category_ids_empty","Admin review;Assign category_ids"
189,"City Express Courier",Atlanta,GA,9,"Courier/Parcel Delivery",pending,"[]","[]","https://www.google.com/search?q=City%20Express%20Courier+Atlanta+GA","["review_only","pickup_review_required","order_anywhere_review_required"]",no,"not_approved;category_ids_empty","Admin review;Assign category_ids"
190,"Sweets by Shanika",Atlanta,GA,6,"Home-Based Businesses",pending,"[]","[]","https://www.google.com/search?q=Sweets%20by%20Shanika+Atlanta+GA","["review_only","pickup_review_required","order_anywhere_review_required"]",no,"not_approved;category_ids_empty","Admin review;Assign category_ids"
191,"5 Minds Studios",Atlanta,GA,14,"Beauty/Personal Care",pending,"[]","[]","https://www.google.com/search?q=5%20Minds%20Studios+Atlanta+GA","["review_only","pickup_review_required","order_anywhere_review_required"]",no,"not_approved;category_ids_empty;inactive_module","Admin review;Assign category_ids;Activate module first"
192,"Nourish Beauty Bar",Atlanta,GA,14,"Beauty/Personal Care",pending,"[]","[]","https://www.google.com/search?q=Nourish%20Beauty%20Bar+Atlanta+GA","["review_only","pickup_review_required","order_anywhere_review_required"]",no,"not_approved;category_ids_empty;inactive_module","Admin review;Assign category_ids;Activate module first"
193,"Heritage ATL Event Space",Atlanta,GA,11,"Local Events/Creators",pending,"[]","[]","https://www.google.com/search?q=Heritage%20ATL%20Event%20Space+Atlanta+GA","["review_only","pickup_review_required","order_anywhere_review_required"]",no,"not_approved;category_ids_empty","Admin review;Assign category_ids"
194,"Fast Lane Courier ATL",Atlanta,GA,9,"Courier/Parcel Delivery",pending,"[]","[]","https://www.google.com/search?q=Fast%20Lane%20Courier%20ATL+Atlanta+GA","["review_only","pickup_review_required","order_anywhere_review_required"]",no,"not_approved;category_ids_empty","Admin review;Assign category_ids"
195,"Slim & Husky's Pizza",Memphis,TN,4,"Restaurants/Brick and Mortar",pending,"[]","[]","https://www.slimandhuskys.com","["review_only","pickup_review_required","order_anywhere_review_required"]",no,"not_approved;category_ids_empty","Admin review;Assign category_ids"
196,"Four Way Restaurant",Memphis,TN,4,"Restaurants/Brick and Mortar",pending,"[]","[]","https://www.google.com/search?q=Four+Way+Restaurant+Memphis","["review_only","pickup_review_required","order_anywhere_review_required"]",no,"not_approved;category_ids_empty","Admin review;Assign category_ids"
197,"The Gray Canary",Memphis,TN,4,"Restaurants/Brick and Mortar",pending,"[]","[]","https://www.google.com/search?q=The%20Gray%20Canary%20Memphis","["review_only","pickup_review_required","order_anywhere_review_required"]",no,"not_approved;category_ids_empty","Admin review;Assign category_ids"
198,"Memphis BBQ Co.",Memphis,TN,12,"Food Trucks",pending,"[13,50]","1|1","https://www.google.com/search?q=Memphis%20BBQ%20Co.%20Memphis","["review_only","pickup_review_required","order_anywhere_review_required"]",no,"not_approved","Admin review"
199,"Earnestine & Hazel's",Memphis,TN,4,"Restaurants/Brick and Mortar",pending,"[]","[]","https://www.google.com/search?q=Earnestine%20%26%20Hazel's%20Memphis","["review_only","pickup_review_required","order_anywhere_review_required"]",no,"not_approved;category_ids_empty","Admin review;Assign category_ids"
200,"Cash Saver Grocery",Memphis,TN,5,"Grocery/Marketz",pending,"[]","[]","https://www.google.com/search?q=Cash%20Saver%20Grocery%20Memphis","["review_only","pickup_review_required","order_anywhere_review_required"]",no,"not_approved;category_ids_empty","Admin review;Assign category_ids"
201,"Crown Beauty Supply",Memphis,TN,16,"Beauty Supply/Hair Providers",pending,"[]","[]","https://www.google.com/search?q=Crown%20Beauty%20Supply%20Memphis","["review_only","pickup_review_required","order_anywhere_review_required"]",no,"not_approved;category_ids_empty","Admin review;Assign category_ids"
202,"Shelby Pharmacy",Memphis,TN,10,"Pharmacy/Health",pending,"[]","[]","https://www.google.com/search?q=Shelby%20Pharmacy+Memphis+TN","["review_only","pickup_review_required","order_anywhere_review_required"]",no,"not_approved;category_ids_empty","Admin review;Assign category_ids"
203,"Bluff City Courier",Memphis,TN,9,"Courier/Parcel Delivery",pending,"[]","[]","https://www.google.com/search?q=Bluff%20City%20Courier+Memphis+TN","["review_only","pickup_review_required","order_anywhere_review_required"]",no,"not_approved;category_ids_empty","Admin review;Assign category_ids"
204,"Memphis Made Event Space",Memphis,TN,11,"Local Events/Creators",pending,"[]","[]","https://www.google.com/search?q=Memphis%20Made%20Event%20Space+Memphis+TN","["review_only","pickup_review_required","order_anywhere_review_required"]",no,"not_approved;category_ids_empty","Admin review;Assign category_ids"
205,"Sweet La La's Bakery",Memphis,TN,6,"Home-Based Businesses",pending,"[]","[]","https://www.google.com/search?q=Sweet%20La%20La's%20Bakery+Memphis+TN","["review_only","pickup_review_required","order_anywhere_review_required"]",no,"not_approved;category_ids_empty","Admin review;Assign category_ids"
206,"House of Scent",Memphis,TN,13,"Retail/Shopping",pending,"[]","[]","https://www.google.com/search?q=House%20of%20Scent+Memphis+TN","["review_only","pickup_review_required","order_anywhere_review_required"]",no,"not_approved;category_ids_empty","Admin review;Assign category_ids"
207,"Fresh Barber Co.",Memphis,TN,14,"Beauty/Personal Care",pending,"[]","[]","https://www.google.com/search?q=Fresh%20Barber%20Co.+Memphis+TN","["review_only","pickup_review_required","order_anywhere_review_required"]",no,"not_approved;category_ids_empty;inactive_module","Admin review;Assign category_ids;Activate module first"
208,"Natasha's Nail Studio",Memphis,TN,14,"Beauty/Personal Care",pending,"[]","[]","https://www.google.com/search?q=Natasha's%20Nail%20Studio+Memphis+TN","["review_only","pickup_review_required","order_anywhere_review_required"]",no,"not_approved;category_ids_empty;inactive_module","Admin review;Assign category_ids;Activate module first"
209,"Rise & Shine Courier",Memphis,TN,9,"Courier/Parcel Delivery",pending,"[]","[]","https://www.google.com/search?q=Rise%20%26%20Shine%20Courier+Memphis+TN","["review_only","pickup_review_required","order_anywhere_review_required"]",no,"not_approved;category_ids_empty","Admin review;Assign category_ids"
210,"Leon's Finest BBQ",Brazoria,TX,4,"Restaurants/Brick and Mortar",pending,"[14]","1","https://www.google.com/search?q=Leon's%20Finest%20BBQ%20Lake%20Jackson","["review_only","pickup_review_required","order_anywhere_review_required"]",no,"not_approved","Admin review"
211,"Shirley's Soul Food Kitchen",Lake Jackson,TX,4,"Restaurants/Brick and Mortar",pending,"[]","[]","https://www.google.com/search?q=Shirley's%20Soul%20Food%20Kitchen%20Angleton","["review_only","pickup_review_required","order_anywhere_review_required"]",no,"not_approved;category_ids_empty","Admin review;Assign category_ids"
212,"Clute Cafeteria",Freeport,TX,4,"Restaurants/Brick and Mortar",pending,"[]","[]","https://www.google.com/search?q=Clute%20Cafeteria%20Clute","["review_only","pickup_review_required","order_anywhere_review_required"]",no,"not_approved;category_ids_empty","Admin review;Assign category_ids"
213,"Freeport Soul Shack",Brazoria,TX,12,"Food Trucks",pending,"[58]","1","https://www.google.com/search?q=Freeport%20Soul%20Shack%20Freeport","["review_only","pickup_review_required","order_anywhere_review_required"]",no,"not_approved","Admin review"
214,"Brazoria Fresh Market",Beaumont,TX,5,"Grocery/Marketz",pending,"[]","[]","https://www.google.com/search?q=Brazoria%20Fresh%20Market%20Angleton","["review_only","pickup_review_required","order_anywhere_review_required"]",no,"not_approved;category_ids_empty","Admin review;Assign category_ids"
215,"Victoria's Seaside Bistro",Beaumont,TX,4,"Restaurants/Brick and Mortar",pending,"[]","[]","https://www.google.com/search?q=Victoria's%20Seaside%20Bistro%20Galveston","["review_only","pickup_review_required","order_anywhere_review_required"]",no,"not_approved;category_ids_empty","Admin review;Assign category_ids"
216,"NIA Cultural Center Events",Galveston,TX,11,"Local Events/Creators",pending,"[]","[]","https://www.google.com/search?q=NIA%20Cultural%20Center%20Events+Galveston+TX","["review_only","pickup_review_required","order_anywhere_review_required"]",no,"not_approved;category_ids_empty","Admin review;Assign category_ids"
217,"Wharton County Catering",Texas City,TX,6,"Home-Based Businesses",pending,"[]","[]","https://www.google.com/search?q=Wharton%20County%20Catering+Wharton+TX","["review_only","pickup_review_required","order_anywhere_review_required"]",no,"not_approved;category_ids_empty","Admin review;Assign category_ids"
218,"Patillo's BBQ",Texas City,TX,4,"Restaurants/Brick and Mortar",pending,"[14]","1","https://www.google.com/search?q=Patillo's%20BBQ+Beaumont+TX","["review_only","pickup_review_required","order_anywhere_review_required"]",no,"not_approved","Admin review"
219,"Suga's Deep South Cuisine & Jazz Bar",Beaumont,TX,4,"Restaurants/Brick and Mortar",pending,"[]","[]","https://www.google.com/search?q=Suga's%20Deep%20South%20Cuisine%20%26%20Jazz%20Bar+Beaumont+TX","["review_only","pickup_review_required","order_anywhere_review_required"]",no,"not_approved;category_ids_empty","Admin review;Assign category_ids"
220,"Yorey's Urban Eats",Wharton,TX,4,"Restaurants/Brick and Mortar",pending,"[]","[]","https://www.google.com/search?q=Yorey's%20Urban%20Eats+Beaumont+TX","["review_only","pickup_review_required","order_anywhere_review_required"]",no,"not_approved;category_ids_empty","Admin review;Assign category_ids"
221,"Bocca Felice Italian Grill",Bay City,TX,4,"Restaurants/Brick and Mortar",pending,"[]","[]","https://www.google.com/search?q=Bocca%20Felice%20Italian%20Grill+Beaumont+TX","["review_only","pickup_review_required","order_anywhere_review_required"]",no,"not_approved;category_ids_empty","Admin review;Assign category_ids"
222,"Rosie's Soul Food",Lake Jackson,TX,4,"Restaurants/Brick and Mortar",pending,"[]","[]","https://www.google.com/search?q=Rosie's%20Soul%20Food+Beaumont+TX","["review_only","pickup_review_required","order_anywhere_review_required"]",no,"not_approved;category_ids_empty","Admin review;Assign category_ids"
223,"The Grill At 105",Brazoria,TX,4,"Restaurants/Brick and Mortar",pending,"[]","[]","https://www.google.com/search?q=The%20Grill%20At%20105+Beaumont+TX","["review_only","pickup_review_required","order_anywhere_review_required"]",no,"not_approved;category_ids_empty","Admin review;Assign category_ids"
224,"Monk House Seafood",Wharton,TX,4,"Restaurants/Brick and Mortar",pending,"[]","[]","https://www.google.com/search?q=Monk%20House%20Seafood+Beaumont+TX","["review_only","pickup_review_required","order_anywhere_review_required"]",no,"not_approved;category_ids_empty","Admin review;Assign category_ids"
225,"Healthy Foods Market",Texas City,TX,5,"Grocery/Marketz",pending,"[]","[]","https://www.google.com/search?q=Healthy%20Foods%20Market+Beaumont+TX","["review_only","pickup_review_required","order_anywhere_review_required"]",no,"not_approved;category_ids_empty","Admin review;Assign category_ids"
226,"Quick Foods Grocery",Port Arthur,TX,5,"Grocery/Marketz",pending,"[]","[]","https://www.google.com/search?q=Quick%20Foods%20Grocery+Beaumont+TX","["review_only","pickup_review_required","order_anywhere_review_required"]",no,"not_approved;category_ids_empty","Admin review;Assign category_ids"
227,"Divine Cuts and Styles",Port Arthur,TX,16,"Beauty Supply/Hair Providers",pending,"[]","[]","https://www.google.com/search?q=Divine%20Cuts%20and%20Styles+Beaumont+TX","["review_only","pickup_review_required","order_anywhere_review_required"]",no,"not_approved;category_ids_empty","Admin review;Assign category_ids"
228,"Goodson's Pharmacy",Lake Jackson,TX,10,"Pharmacy/Health",pending,"[]","[]","https://www.google.com/search?q=Goodson's%20Pharmacy+Beaumont+TX","["review_only","pickup_review_required","order_anywhere_review_required"]",no,"not_approved;category_ids_empty","Admin review;Assign category_ids"
229,"Savvy Stylist Beauty Bar",Texas City,TX,14,"Beauty/Personal Care",pending,"[]","[]","https://www.google.com/search?q=Savvy%20Stylist%20Beauty%20Bar+Beaumont+TX","["review_only","pickup_review_required","order_anywhere_review_required"]",no,"not_approved;category_ids_empty;inactive_module","Admin review;Assign category_ids;Activate module first"
230,"Hair by Niya",Bay City,TX,14,"Beauty/Personal Care",pending,"[]","[]","https://www.google.com/search?q=Hair%20by%20Niya+Beaumont+TX","["review_only","pickup_review_required","order_anywhere_review_required"]",no,"not_approved;category_ids_empty;inactive_module","Admin review;Assign category_ids;Activate module first"
231,"Southern Sweetz Bakery",Angleton,TX,6,"Home-Based Businesses",pending,"[]","[]","https://www.google.com/search?q=Southern%20Sweetz%20Bakery+Beaumont+TX","["review_only","pickup_review_required","order_anywhere_review_required"]",no,"not_approved;category_ids_empty","Admin review;Assign category_ids"
232,"Fenomenal Flashes Empire",Bay City,TX,12,"Food Trucks",pending,"[]","[]","https://www.google.com/search?q=Fenomenal%20Flashes%20Empire+Beaumont+TX","["review_only","pickup_review_required","order_anywhere_review_required"]",no,"not_approved;category_ids_empty","Admin review;Assign category_ids"
233,"Kountry Boyz Mobile Grill",Angleton,TX,12,"Food Trucks",pending,"[]","[]","https://www.google.com/search?q=Kountry%20Boyz%20Mobile%20Grill+Orange+TX","["review_only","pickup_review_required","order_anywhere_review_required"]",no,"not_approved;category_ids_empty","Admin review;Assign category_ids"
234,"Dulan's Soul Food Kitchen",Los Angeles,CA,4,"Restaurants/Brick and Mortar",pending,"[]","[]","https://www.dulanssoulfood.com","["review_only","pickup_review_required","order_anywhere_review_required"]",no,"not_approved;category_ids_empty","Admin review;Assign category_ids"
235,"Simply Wholesome",Los Angeles,CA,5,"Grocery/Marketz",pending,"[]","[]","https://www.simplywholesomela.com","["review_only","pickup_review_required","order_anywhere_review_required"]",no,"not_approved;category_ids_empty","Admin review;Assign category_ids"
236,"Sole Folks",Los Angeles,CA,13,"Retail/Shopping",pending,"[]","[]","https://www.solefolksla.com","["review_only","pickup_review_required","order_anywhere_review_required"]",no,"not_approved;category_ids_empty","Admin review;Assign category_ids"
237,"Nappily Naturals & Apothecary",Los Angeles,CA,10,"Pharmacy/Health",pending,"[]","[]","https://www.google.com/search?q=Nappily%20Naturals%20%26%20Apothecary%20Los%20Angeles","["review_only","pickup_review_required","order_anywhere_review_required"]",no,"not_approved;category_ids_empty","Admin review;Assign category_ids"
238,"1987 Juices",Los Angeles,CA,4,"Restaurants/Brick and Mortar",pending,"[]","[]","https://www.google.com/search?q=1987%20Juices%20Los%20Angeles","["review_only","pickup_review_required","order_anywhere_review_required"]",no,"not_approved;category_ids_empty","Admin review;Assign category_ids"
239,"Blackline Coffee",Los Angeles,CA,5,"Grocery/Marketz",pending,"[]","[]","https://www.google.com/search?q=Blackline%20Coffee%20Los%20Angeles","["review_only","pickup_review_required","order_anywhere_review_required"]",no,"not_approved;category_ids_empty","Admin review;Assign category_ids"
240,"KUTULA",Los Angeles,CA,4,"Restaurants/Brick and Mortar",pending,"[]","[]","https://www.google.com/search?q=KUTULA%20Los%20Angeles","["review_only","pickup_review_required","order_anywhere_review_required"]",no,"not_approved;category_ids_empty","Admin review;Assign category_ids"
241,"MoBetta Food Truck",Los Angeles,CA,12,"Food Trucks",pending,"[58]","1","https://www.google.com/search?q=MoBetta%20Food%20Truck%20Los%20Angeles","["review_only","pickup_review_required","order_anywhere_review_required"]",no,"not_approved","Admin review"
242,"Call Me Cake Soul Food",Las Vegas,NV,4,"Restaurants/Brick and Mortar",pending,"[]","[]","https://www.google.com/search?q=Call+Me+Cake+Soul+Food+Las+Vegas","["review_only","pickup_review_required","order_anywhere_review_required"]",no,"not_approved;category_ids_empty","Admin review;Assign category_ids"
243,"Tasty T's Cheesecakes",Las Vegas,NV,5,"Grocery/Marketz",pending,"[]","[]","https://www.google.com/search?q=Tasty%20T's%20Cheesecakes%20Las%20Vegas","["review_only","pickup_review_required","order_anywhere_review_required"]",no,"not_approved;category_ids_empty","Admin review;Assign category_ids"
244,"SoulFoo'd Restaurant",Las Vegas,NV,4,"Restaurants/Brick and Mortar",pending,"[]","[]","https://www.soulfoodlasvegas.com","["review_only","pickup_review_required","order_anywhere_review_required"]",no,"not_approved;category_ids_empty","Admin review;Assign category_ids"
245,"The LaMarre Theater",Las Vegas,NV,11,"Local Events/Creators",pending,"[]","[]","https://www.google.com/search?q=The%20LaMarre%20Theater%20Las%20Vegas","["review_only","pickup_review_required","order_anywhere_review_required"]",no,"not_approved;category_ids_empty","Admin review;Assign category_ids"
246,"Tofu Tees Boutique",Las Vegas,NV,13,"Retail/Shopping",pending,"[]","[]","https://www.google.com/search?q=Tofu%20Tees%20Boutique%20Las%20Vegas","["review_only","pickup_review_required","order_anywhere_review_required"]",no,"not_approved;category_ids_empty","Admin review;Assign category_ids"
247,"B4 & After Nail Boutique",Las Vegas,NV,14,"Beauty/Personal Care",pending,"[]","[]","https://www.google.com/search?q=B4%20%26%20After%20Nail%20Boutique%20Las%20Vegas","["review_only","pickup_review_required","order_anywhere_review_required"]",no,"not_approved;category_ids_empty;inactive_module","Admin review;Assign category_ids;Activate module first"
248,"Legends Barber Studio",Las Vegas,NV,14,"Beauty/Personal Care",pending,"[]","[]","https://www.google.com/search?q=Legends%20Barber%20Studio%20Las%20Vegas","["review_only","pickup_review_required","order_anywhere_review_required"]",no,"not_approved;category_ids_empty;inactive_module","Admin review;Assign category_ids;Activate module first"
249,"Left of Center Gallery",Las Vegas,NV,11,"Local Events/Creators",pending,"[]","[]","https://www.google.com/search?q=Left%20of%20Center%20Gallery%20Las%20Vegas","["review_only","pickup_review_required","order_anywhere_review_required"]",no,"not_approved;category_ids_empty","Admin review;Assign category_ids"
250,"Jackson Soul Food",Miami,FL,4,"Restaurants/Brick and Mortar",pending,"[]","[]","https://www.google.com/search?q=Jackson+Soul+Food+Miami","["review_only","pickup_review_required","order_anywhere_review_required"]",no,"not_approved;category_ids_empty","Admin review;Assign category_ids"
251,"Ms. Cheezious",Miami,FL,12,"Food Trucks",pending,"[]","[]","https://www.mscheezious.com","["review_only","pickup_review_required","order_anywhere_review_required"]",no,"not_approved;category_ids_empty","Admin review;Assign category_ids"
252,"Cafe des Fleurs",Miami,FL,5,"Grocery/Marketz",pending,"[]","[]","https://www.google.com/search?q=Cafe%20des%20Fleurs%20Miami","["review_only","pickup_review_required","order_anywhere_review_required"]",no,"not_approved;category_ids_empty","Admin review;Assign category_ids"
253,"King of Opa Locka Grill",Miami,FL,4,"Restaurants/Brick and Mortar",pending,"[]","[]","https://www.google.com/search?q=King%20of%20Opa%20Locka%20Grill%20Miami","["review_only","pickup_review_required","order_anywhere_review_required"]",no,"not_approved;category_ids_empty","Admin review;Assign category_ids"
254,"Nena's Organics",Miami,FL,5,"Grocery/Marketz",pending,"[]","[]","https://www.google.com/search?q=Nena's%20Organics%20Miami","["review_only","pickup_review_required","order_anywhere_review_required"]",no,"not_approved;category_ids_empty","Admin review;Assign category_ids"
255,"305 Concierge Courier",Miami,FL,9,"Courier/Parcel Delivery",pending,"[]","[]","https://www.google.com/search?q=305%20Concierge%20Courier%20Miami","["review_only","pickup_review_required","order_anywhere_review_required"]",no,"not_approved;category_ids_empty","Admin review;Assign category_ids"
256,"Optical City Miami",Miami,FL,10,"Pharmacy/Health",pending,"[]","[]","https://www.google.com/search?q=Optical%20City%20Miami+Miami+FL","["review_only","pickup_review_required","order_anywhere_review_required"]",no,"not_approved;category_ids_empty","Admin review;Assign category_ids"
257,"13 Pirates Eat Food Truck",Miami,FL,12,"Food Trucks",pending,"[51]","1","https://www.google.com/search?q=13%20Pirates%20Eat%20Food%20Truck+Miami+FL","["review_only","pickup_review_required","order_anywhere_review_required"]",no,"not_approved","Admin review"
258,"Shiphrah's Jewels",Miami,FL,13,"Retail/Shopping",pending,"[90]","1","https://www.google.com/search?q=Shiphrah's%20Jewels+Miami+FL","["review_only","pickup_review_required","order_anywhere_review_required"]",no,"not_approved","Admin review"
259,"Suga Glow Beauty Studio",Miami,FL,14,"Beauty/Personal Care",pending,"[823]","1","https://www.google.com/search?q=Suga%20Glow%20Beauty%20Studio+Miami+FL","["review_only","pickup_review_required","order_anywhere_review_required"]",no,"not_approved;inactive_module","Admin review;Activate module first"
260,"Miami Event Collective",Miami,FL,11,"Local Events/Creators",pending,"[]","[]","https://www.google.com/search?q=Miami%20Event%20Collective+Miami+FL","["review_only","pickup_review_required","order_anywhere_review_required"]",no,"not_approved;category_ids_empty","Admin review;Assign category_ids"
261,"Kulture Bakes",Miami,FL,6,"Home-Based Businesses",pending,"[]","[]","https://www.google.com/search?q=Kulture%20Bakes+Miami+FL","["review_only","pickup_review_required","order_anywhere_review_required"]",no,"not_approved;category_ids_empty","Admin review;Assign category_ids"
262,"The Half Smoke",Washington,DC,4,"Restaurants/Brick and Mortar",pending,"[]","[]","https://www.halfsmokedc.com","["review_only","pickup_review_required","order_anywhere_review_required"]",no,"not_approved;category_ids_empty","Admin review;Assign category_ids"
263,"Jaliyaa Coffee Truck",Washington,DC,12,"Food Trucks",pending,"[]","[]","https://www.google.com/search?q=Jaliyaa+Coffee+Truck+DC","["review_only","pickup_review_required","order_anywhere_review_required"]",no,"not_approved;category_ids_empty","Admin review;Assign category_ids"
264,"Simply Fresh Market",Washington,DC,5,"Grocery/Marketz",pending,"[]","[]","https://www.google.com/search?q=Simply%20Fresh%20Market%20Washington","["review_only","pickup_review_required","order_anywhere_review_required"]",no,"not_approved;category_ids_empty","Admin review;Assign category_ids"
265,"Bailiwick Clothing",Washington,DC,13,"Retail/Shopping",pending,"[]","[]","https://www.google.com/search?q=Bailiwick%20Clothing%20Washington","["review_only","pickup_review_required","order_anywhere_review_required"]",no,"not_approved;category_ids_empty","Admin review;Assign category_ids"
266,"Capitol Couriers DC",Washington,DC,9,"Courier/Parcel Delivery",pending,"[]","[]","https://www.google.com/search?q=Capitol%20Couriers%20DC%20Washington","["review_only","pickup_review_required","order_anywhere_review_required"]",no,"not_approved;category_ids_empty","Admin review;Assign category_ids"
267,"Hue Health Pharmacy",Washington,DC,10,"Pharmacy/Health",pending,"[]","[]","https://www.google.com/search?q=Hue%20Health%20Pharmacy%20Washington","["review_only","pickup_review_required","order_anywhere_review_required"]",no,"not_approved;category_ids_empty","Admin review;Assign category_ids"
268,"Moe's Barbershop DC",Washington,DC,14,"Beauty/Personal Care",pending,"[]","[]","https://www.google.com/search?q=Moe's%20Barbershop%20DC+Washington+DC","["review_only","pickup_review_required","order_anywhere_review_required"]",no,"not_approved;category_ids_empty;inactive_module","Admin review;Assign category_ids;Activate module first"
269,"DC Art Collective",Washington,DC,11,"Local Events/Creators",pending,"[]","[]","https://www.google.com/search?q=DC%20Art%20Collective+Washington+DC","["review_only","pickup_review_required","order_anywhere_review_required"]",no,"not_approved;category_ids_empty","Admin review;Assign category_ids"
270,"Kulture Bakery DC",Washington,DC,6,"Home-Based Businesses",pending,"[]","[]","https://www.google.com/search?q=Kulture%20Bakery%20DC+Washington+DC","["review_only","pickup_review_required","order_anywhere_review_required"]",no,"not_approved;category_ids_empty","Admin review;Assign category_ids"
271,"The Treats Factory",Washington,DC,5,"Grocery/Marketz",pending,"[]","[]","https://www.google.com/search?q=The%20Treats%20Factory+Washington+DC","["review_only","pickup_review_required","order_anywhere_review_required"]",no,"not_approved;category_ids_empty","Admin review;Assign category_ids"
272,"Nelson's Buffeteria",Tulsa,OK,4,"Restaurants/Brick and Mortar",pending,"[]","[]","https://www.google.com/search?q=Nelsons+Buffeteria+Tulsa","["review_only","pickup_review_required","order_anywhere_review_required"]",no,"not_approved;category_ids_empty","Admin review;Assign category_ids"
273,"Wanda J's Kitchen",Tulsa,OK,4,"Restaurants/Brick and Mortar",pending,"[]","[]","https://www.wandajskitchen.com","["review_only","pickup_review_required","order_anywhere_review_required"]",no,"not_approved;category_ids_empty","Admin review;Assign category_ids"
274,"The Vault Restaurant",Tulsa,OK,4,"Restaurants/Brick and Mortar",pending,"[]","[]","https://www.thevaulttulsa.com","["review_only","pickup_review_required","order_anywhere_review_required"]",no,"not_approved;category_ids_empty","Admin review;Assign category_ids"
275,"Greenwood Grocery",Tulsa,OK,5,"Grocery/Marketz",pending,"[]","[]","https://www.greenwoodgrocery.com","["review_only","pickup_review_required","order_anywhere_review_required"]",no,"not_approved;category_ids_empty","Admin review;Assign category_ids"
276,"Black Wall Street Events",Tulsa,OK,11,"Local Events/Creators",pending,"[]","[]","https://www.google.com/search?q=Black%20Wall%20Street%20Events%20Tulsa","["review_only","pickup_review_required","order_anywhere_review_required"]",no,"not_approved;category_ids_empty","Admin review;Assign category_ids"
277,"Tulsa Pharmacy Services",Tulsa,OK,10,"Pharmacy/Health",pending,"[]","[]","https://www.google.com/search?q=Tulsa%20Pharmacy%20Services%20Tulsa","["review_only","pickup_review_required","order_anywhere_review_required"]",no,"not_approved;category_ids_empty","Admin review;Assign category_ids"
278,"Courier Plus Tulsa",Tulsa,OK,9,"Courier/Parcel Delivery",pending,"[]","[]","https://www.google.com/search?q=Courier%20Plus%20Tulsa%20Tulsa","["review_only","pickup_review_required","order_anywhere_review_required"]",no,"not_approved;category_ids_empty","Admin review;Assign category_ids"
279,"Lena's Homemade Pies",Tulsa,OK,6,"Home-Based Businesses",pending,"[]","[]","https://www.google.com/search?q=Lena's%20Homemade%20Pies%20Tulsa","["review_only","pickup_review_required","order_anywhere_review_required"]",no,"not_approved;category_ids_empty","Admin review;Assign category_ids"
280,"Da Tastee Food Truck",Tulsa,OK,12,"Food Trucks",pending,"[58]","1","https://www.google.com/search?q=Da%20Tastee%20Food%20Truck+Tulsa+OK","["review_only","pickup_review_required","order_anywhere_review_required"]",no,"not_approved","Admin review"
281,"Classy Nails & Spa",Tulsa,OK,14,"Beauty/Personal Care",pending,"[]","[]","https://www.google.com/search?q=Classy%20Nails%20%26%20Spa+Tulsa+OK","["review_only","pickup_review_required","order_anywhere_review_required"]",no,"not_approved;category_ids_empty;inactive_module","Admin review;Assign category_ids;Activate module first"
282,"Greenwood Barber Lounge",Tulsa,OK,14,"Beauty/Personal Care",pending,"[]","[]","https://www.google.com/search?q=Greenwood%20Barber%20Lounge+Tulsa+OK","["review_only","pickup_review_required","order_anywhere_review_required"]",no,"not_approved;category_ids_empty;inactive_module","Admin review;Assign category_ids;Activate module first"
283,"The Supper Club CLT",Charlotte,NC,4,"Restaurants/Brick and Mortar",pending,"[]","[]","https://www.google.com/search?q=The%20Supper%20Club%20CLT%20Charlotte","["review_only","pickup_review_required","order_anywhere_review_required"]",no,"not_approved;category_ids_empty","Admin review;Assign category_ids"
284,"Lebanon's Restaurant",Charlotte,NC,4,"Restaurants/Brick and Mortar",pending,"[]","[]","https://www.google.com/search?q=Lebanon's%20Restaurant%20Charlotte","["review_only","pickup_review_required","order_anywhere_review_required"]",no,"not_approved;category_ids_empty","Admin review;Assign category_ids"
285,"Mama's Caribbean Grill",Charlotte,NC,4,"Restaurants/Brick and Mortar",pending,"[]","[]","https://www.google.com/search?q=Mama's%20Caribbean%20Grill%20Charlotte","["review_only","pickup_review_required","order_anywhere_review_required"]",no,"not_approved;category_ids_empty","Admin review;Assign category_ids"
286,"Sweet Lew's BBQ",Charlotte,NC,4,"Restaurants/Brick and Mortar",pending,"[14]","1","https://www.sweetslewsbbq.com","["review_only","pickup_review_required","order_anywhere_review_required"]",no,"not_approved","Admin review"
287,"Leroy Fox",Charlotte,NC,4,"Restaurants/Brick and Mortar",pending,"[]","[]","https://www.google.com/search?q=Leroy%20Fox%20Charlotte","["review_only","pickup_review_required","order_anywhere_review_required"]",no,"not_approved;category_ids_empty","Admin review;Assign category_ids"
288,"Pot Belly Sandwich Food Truck",Charlotte,NC,12,"Food Trucks",pending,"[]","[]","https://www.google.com/search?q=Pot%20Belly%20Sandwich%20Food%20Truck%20Charlotte","["review_only","pickup_review_required","order_anywhere_review_required"]",no,"not_approved;category_ids_empty","Admin review;Assign category_ids"
289,"Uptown Market CLT",Charlotte,NC,5,"Grocery/Marketz",pending,"[]","[]","https://www.google.com/search?q=Uptown%20Market%20CLT+Charlotte+NC","["review_only","pickup_review_required","order_anywhere_review_required"]",no,"not_approved;category_ids_empty","Admin review;Assign category_ids"
290,"CLT Fashion Boutique",Charlotte,NC,13,"Retail/Shopping",pending,"[]","[]","https://www.google.com/search?q=CLT%20Fashion%20Boutique+Charlotte+NC","["review_only","pickup_review_required","order_anywhere_review_required"]",no,"not_approved;category_ids_empty","Admin review;Assign category_ids"
291,"Carolina Health Pharmacy",Charlotte,NC,10,"Pharmacy/Health",pending,"[]","[]","https://www.google.com/search?q=Carolina%20Health%20Pharmacy+Charlotte+NC","["review_only","pickup_review_required","order_anywhere_review_required"]",no,"not_approved;category_ids_empty","Admin review;Assign category_ids"
292,"Queen City Courier",Charlotte,NC,9,"Courier/Parcel Delivery",pending,"[]","[]","https://www.google.com/search?q=Queen%20City%20Courier+Charlotte+NC","["review_only","pickup_review_required","order_anywhere_review_required"]",no,"not_approved;category_ids_empty","Admin review;Assign category_ids"
293,"CLT Events Venue",Charlotte,NC,11,"Local Events/Creators",pending,"[]","[]","https://www.google.com/search?q=CLT%20Events%20Venue+Charlotte+NC","["review_only","pickup_review_required","order_anywhere_review_required"]",no,"not_approved;category_ids_empty","Admin review;Assign category_ids"
294,"Sweet Bella Bakery",Charlotte,NC,6,"Home-Based Businesses",pending,"[]","[]","https://www.google.com/search?q=Sweet%20Bella%20Bakery+Charlotte+NC","["review_only","pickup_review_required","order_anywhere_review_required"]",no,"not_approved;category_ids_empty","Admin review;Assign category_ids"
295,"Crown Cuts Barbershop",Charlotte,NC,14,"Beauty/Personal Care",pending,"[]","[]","https://www.google.com/search?q=Crown%20Cuts%20Barbershop+Charlotte+NC","["review_only","pickup_review_required","order_anywhere_review_required"]",no,"not_approved;category_ids_empty;inactive_module","Admin review;Assign category_ids;Activate module first"
296,"Jacob Restaurant",New York,NY,4,"Restaurants/Brick and Mortar",pending,"[]","[]","https://www.google.com/search?q=Jacob+Restaurant+Harlem","["review_only","pickup_review_required","order_anywhere_review_required"]",no,"not_approved;category_ids_empty","Admin review;Assign category_ids"
297,"Miss Mamie's Spoonbread Too",New York,NY,4,"Restaurants/Brick and Mortar",pending,"[]","[]","https://www.google.com/search?q=Miss%20Mamie's%20Spoonbread%20Too%20New%20York","["review_only","pickup_review_required","order_anywhere_review_required"]",no,"not_approved;category_ids_empty","Admin review;Assign category_ids"
298,"Barney Greengrass",New York,NY,5,"Grocery/Marketz",pending,"[]","[]","https://www.google.com/search?q=Barney%20Greengrass%20New%20York","["review_only","pickup_review_required","order_anywhere_review_required"]",no,"not_approved;category_ids_empty","Admin review;Assign category_ids"
299,"Harlem Seafood Soul",New York,NY,12,"Food Trucks",pending,"[51]","1","https://www.google.com/search?q=Harlem%20Seafood%20Soul%20New%20York","["review_only","pickup_review_required","order_anywhere_review_required"]",no,"not_approved","Admin review"
300,"Nubian Heritage Market",New York,NY,5,"Grocery/Marketz",pending,"[]","[]","https://www.google.com/search?q=Nubian%20Heritage%20Market%20New%20York","["review_only","pickup_review_required","order_anywhere_review_required"]",no,"not_approved;category_ids_empty","Admin review;Assign category_ids"
301,"Luzia Shop",Houston,TX,13,"Retail/Shopping",pending,"[]","[]","https://luziashop.site/","["review_only","pickup_review_required","order_anywhere_review_required"]",no,"not_approved;category_ids_empty","Admin review;Assign category_ids"
302,"Class Bookstore",Houston,TX,13,"Retail/Shopping",pending,"[]","[]","https://www.classbookstore.com/","["review_only","pickup_review_required","order_anywhere_review_required"]",no,"not_approved;category_ids_empty","Admin review;Assign category_ids"
303,"The Blaq Shopp",Houston,TX,13,"Retail/Shopping",pending,"[]","[]","https://theblaqshopp.company.site/","["review_only","pickup_review_required","order_anywhere_review_required"]",no,"not_approved;category_ids_empty","Admin review;Assign category_ids"
304,"GloGele & Fashion World",Houston,TX,13,"Retail/Shopping",pending,"[]","[]","https://www.glogelefashionworld.com/","["review_only","pickup_review_required","order_anywhere_review_required"]",no,"not_approved;category_ids_empty","Admin review;Assign category_ids"
305,"SisStore Joy Christian Bookstore",Houston,TX,13,"Retail/Shopping",pending,"[]","[]","https://sisstorejoy.com/","["review_only","pickup_review_required","order_anywhere_review_required"]",no,"not_approved;category_ids_empty","Admin review;Assign category_ids"
306,"Mr. Black's Boutique",Miami,FL,13,"Retail/Shopping",pending,"[]","[]","https://mrblacksboutique.com/","["review_only","pickup_review_required","order_anywhere_review_required"]",no,"not_approved;category_ids_empty","Admin review;Assign category_ids"
307,"Roots Bookstore & Market",Miami,FL,13,"Retail/Shopping",pending,"[]","[]","https://rootsbookstore.com/","["review_only","pickup_review_required","order_anywhere_review_required"]",no,"not_approved;category_ids_empty","Admin review;Assign category_ids"
308,"Unique African Boutique",Miami,FL,13,"Retail/Shopping",pending,"[]","[]","https://uniqueafricanboutique.com/","["review_only","pickup_review_required","order_anywhere_review_required"]",no,"not_approved;category_ids_empty","Admin review;Assign category_ids"
309,"Bohemi Chic",Miami,FL,13,"Retail/Shopping",pending,"[]","[]","https://bohemichic.com/","["review_only","pickup_review_required","order_anywhere_review_required"]",no,"not_approved;category_ids_empty","Admin review;Assign category_ids"
310,"Ankara Delights",Miami,FL,13,"Retail/Shopping",pending,"[]","[]","https://www.ankaradelights.com/","["review_only","pickup_review_required","order_anywhere_review_required"]",no,"not_approved;category_ids_empty","Admin review;Assign category_ids"
311,"PD&K Beauty Supply",Atlanta,GA,16,"Beauty Supply/Hair Providers",pending,"[]","[]","https://pdk-beauty-supply.wheree.com/","["review_only","pickup_review_required","order_anywhere_review_required"]",no,"not_approved;category_ids_empty","Admin review;Assign category_ids"
312,"Nubian Beauty Supply",Atlanta,GA,16,"Beauty Supply/Hair Providers",pending,"[]","[]","https://nubian-beauty-supply.wheree.com/","["review_only","pickup_review_required","order_anywhere_review_required"]",no,"not_approved;category_ids_empty","Admin review;Assign category_ids"
313,"Ideal Beauty Supply & Suites",Atlanta,GA,16,"Beauty Supply/Hair Providers",pending,"[]","[]","https://idealbeautysupplysuites.com/","["review_only","pickup_review_required","order_anywhere_review_required"]",no,"not_approved;category_ids_empty","Admin review;Assign category_ids"
314,"Ebony Beauty Supply",Atlanta,GA,16,"Beauty Supply/Hair Providers",pending,"[]","[]","https://localitybiz.com/30065608/ebony-beauty-supply-atlanta","["review_only","pickup_review_required","order_anywhere_review_required"]",no,"not_approved;category_ids_empty","Admin review;Assign category_ids"
315,"Natasha's Beauty Supply",Las Vegas,NV,16,"Beauty Supply/Hair Providers",pending,"[]","[]","https://www.shoponyx.net/listing/nbs","["review_only","pickup_review_required","order_anywhere_review_required"]",no,"not_approved;category_ids_empty","Admin review;Assign category_ids"
316,"Kin Beauty Supply",Las Vegas,NV,16,"Beauty Supply/Hair Providers",pending,"[]","[]","https://www.adcnevada.org/success-stories/kin-beauty-supply-store","["review_only","pickup_review_required","order_anywhere_review_required"]",no,"not_approved;category_ids_empty","Admin review;Assign category_ids"
317,"Maxxie Posh Hair Extensions & Wigs",Las Vegas,NV,16,"Beauty Supply/Hair Providers",pending,"[]","[]","https://www.buyblack.org/united-states-of-america/las-vegas/beauty-spas/black-hair-las-vegas-maxxie-posh-hair-extensions-wigs-llc","["review_only","pickup_review_required","order_anywhere_review_required"]",no,"not_approved;category_ids_empty","Admin review;Assign category_ids"
318,"Pink Noire Beauty Supply",Memphis,TN,16,"Beauty Supply/Hair Providers",pending,"[]","[]","https://www.memphisflyer.com/beauty-supply-store-owner-hopes-to-reclaim-black-beauty-industry/","["review_only","pickup_review_required","order_anywhere_review_required"]",no,"not_approved;category_ids_empty","Admin review;Assign category_ids"
319,"K&K Beauty Supply",Memphis,TN,16,"Beauty Supply/Hair Providers",pending,"[]","[]","https://kkbeautysupply.com/","["review_only","pickup_review_required","order_anywhere_review_required"]",no,"not_approved;category_ids_empty","Admin review;Assign category_ids"
320,"Bnear Studios",Los Angeles,CA,14,"Beauty/Personal Care",pending,"[820]","1","https://www.bnearstudios.com/","["review_only","order_anywhere_review_required"]",no,"not_approved;inactive_module","Admin review;Activate module first"
321,"The Den Salon",Los Angeles,CA,14,"Beauty/Personal Care",pending,"[820]","1","https://www.densalonla.com/","["review_only","order_anywhere_review_required"]",no,"not_approved;inactive_module","Admin review;Activate module first"
322,"Knoel LauRen Hair Salon",Los Angeles,CA,14,"Beauty/Personal Care",pending,"[820]","1","https://knoellauren.com/","["review_only","order_anywhere_review_required"]",no,"not_approved;inactive_module","Admin review;Activate module first"
323,"Magnificent Brothers Barber & Beauty Salon",Los Angeles,CA,14,"Beauty/Personal Care",pending,"[820]","1","https://magnificentbrothers.com/","["review_only","order_anywhere_review_required"]",no,"not_approved;inactive_module","Admin review;Activate module first"
324,"Eros' Hair & Beauty",Los Angeles,CA,14,"Beauty/Personal Care",pending,"[820]","1","https://eroshairbeauty.com/","["review_only","order_anywhere_review_required"]",no,"not_approved;inactive_module","Admin review;Activate module first"
325,"Gipson Grocery",Dallas,TX,5,"Grocery/Marketz",pending,"[]","[]","https://gipsongrocerystore.com/","["review_only","pickup_review_required","order_anywhere_review_required"]",no,"not_approved;category_ids_empty","Admin review;Assign category_ids"
326,"Oasis Fresh Market",Tulsa,OK,5,"Grocery/Marketz",pending,"[]","[]","https://www.oprah.com/own-rebuildingblackwallstreet/tulsas-first-black-owned-grocery-store-in-more-than-50-years","["review_only","pickup_review_required","order_anywhere_review_required"]",no,"not_approved;category_ids_empty","Admin review;Assign category_ids"
327,"Elmira Market",Washington,DC,5,"Grocery/Marketz",pending,"[]","[]","https://elmiramarket.godaddysites.com/","["review_only","pickup_review_required","order_anywhere_review_required"]",no,"not_approved;category_ids_empty","Admin review;Assign category_ids"
328,"Aurora Market",Washington,DC,5,"Grocery/Marketz",pending,"[]","[]","https://auroramarket.biz/home","["review_only","pickup_review_required","order_anywhere_review_required"]",no,"not_approved;category_ids_empty","Admin review;Assign category_ids"
329,"Marion Barry Avenue Market & Cafe",Washington,DC,5,"Grocery/Marketz",pending,"[]","[]","https://civileats.com/2026/05/13/in-d-c-an-innovative-neighborhood-grocery-store/","["review_only","pickup_review_required","order_anywhere_review_required"]",no,"not_approved;category_ids_empty","Admin review;Assign category_ids"
330,"Haile's Stanton Supermarket",Washington,DC,5,"Grocery/Marketz",pending,"[]","[]","https://eastoftheriverdcnews.com/2025/11/11/hailes-market-expands/","["review_only","pickup_review_required","order_anywhere_review_required"]",no,"not_approved;category_ids_empty","Admin review;Assign category_ids"
331,"Pop's Market",Washington,DC,5,"Grocery/Marketz",pending,"[]","[]","https://www.popsmarketdc.com/","["review_only","pickup_review_required","order_anywhere_review_required"]",no,"not_approved;category_ids_empty","Admin review;Assign category_ids"
332,"Fiesta MLK Pharmacy",Dallas,TX,10,"Pharmacy/Health",pending,"[]","[]","http://www.fiestamlkpharmacy.com/","["review_only"]",yes,"not_approved;category_ids_empty;age_restricted_needs_compliance","Admin review;Assign category_ids;Compliance approval"
333,"Uptown Pharmacy",Dallas,TX,10,"Pharmacy/Health",pending,"[]","[]","https://uptownrxpharmacy.com/","["review_only"]",yes,"not_approved;category_ids_empty;age_restricted_needs_compliance","Admin review;Assign category_ids;Compliance approval"
334,"Buckner Neighborhood Pharmacy",Dallas,TX,10,"Pharmacy/Health",pending,"[]","[]","https://bucknerpharmacy.com/","["review_only","order_anywhere_review_required"]",no,"not_approved;category_ids_empty","Admin review;Assign category_ids"
335,"Congress Heights Community Pharmacy",Washington,DC,10,"Pharmacy/Health",pending,"[]","[]","https://www.blax.directory/washington/black-pharmacists/congress-heights-community-pharmacy","["review_only","order_anywhere_review_required"]",no,"not_approved;category_ids_empty","Admin review;Assign category_ids"
336,"Grubb's SE Pharmacy & Mini Mart",Washington,DC,10,"Pharmacy/Health",pending,"[]","[]","https://www.grubbsse.com/","["review_only","order_anywhere_review_required"]",no,"not_approved;category_ids_empty","Admin review;Assign category_ids"
337,"KLS Courier Enterprises",New York,NY,9,"Courier/Parcel Delivery",pending,"[]","[]","https://linkedin.com/in/keith-smalls-courier","["review_only","order_anywhere_review_required"]",no,"not_approved;category_ids_empty","Admin review;Assign category_ids"
338,"YLG Courier Services",New York,NY,9,"Courier/Parcel Delivery",pending,"[]","[]","https://linkedin.com/in/yusef-shabazz-0b938853","["review_only","order_anywhere_review_required"]",no,"not_approved;category_ids_empty","Admin review;Assign category_ids"
339,"JetBlack Courier Services",New York,NY,9,"Courier/Parcel Delivery",pending,"[]","[]","https://jetblacktransportation.com/courier-services-in-new-york","["review_only","order_anywhere_review_required"]",no,"not_approved;category_ids_empty","Admin review;Assign category_ids"
340,"Xentra Transport",New York,NY,9,"Courier/Parcel Delivery",pending,"[]","[]","https://linkedin.com/in/xentra-transport-same-day-delivery-6070b4368","["review_only","order_anywhere_review_required"]",no,"not_approved;category_ids_empty","Admin review;Assign category_ids"
341,"Soliha Express Cargo",Brooklyn,NY,9,"Courier/Parcel Delivery",pending,"[]","[]","https://www.soliha-cargo.com/","["review_only","order_anywhere_review_required"]",no,"not_approved;category_ids_empty","Admin review;Assign category_ids"
342,"Express Errands & Courier LA",Los Angeles,CA,9,"Courier/Parcel Delivery",pending,"[]","[]","https://nationalblackguide.com/article/black-woman-owned-courier-company-expands-services-to-more-cities-including-la-san-antonio.html","["review_only","order_anywhere_review_required"]",no,"not_approved;category_ids_empty","Admin review;Assign category_ids"
343,"Creative Pop-up Collective",Houston,TX,11,"Local Events/Creators",pending,"[]","[]","https://www.google.com/search?q=Creative%20Pop-up%20Collective%20Houston","["review_only","order_anywhere_review_required"]",no,"not_approved;category_ids_empty","Admin review;Assign category_ids"
344,"Juneteenth Atlanta Parade & Music Festival",Atlanta,GA,11,"Local Events/Creators",pending,"[]","[]","https://www.google.com/search?q=Juneteenth+Atlanta+Parade+Music+Festival","["review_only","order_anywhere_review_required"]",no,"not_approved;category_ids_empty","Admin review;Assign category_ids"
345,"Kelly Miller Market Days",Washington,DC,11,"Local Events/Creators",pending,"[]","[]","https://dolgrocery.org/","["review_only","order_anywhere_review_required"]",no,"not_approved;category_ids_empty","Admin review;Assign category_ids"
346,"Charlotte Beauty Supply & Braids",Charlotte,NC,16,"Beauty Supply/Hair Providers",pending,"[]","[]","https://www.google.com/search?q=black+owned+beauty+supply+Charlotte+NC","["review_only","pickup_review_required","order_anywhere_review_required"]",no,"not_approved;category_ids_empty","Admin review;Assign category_ids"
347,"Blend Beautique",Birmingham,AL,16,"Beauty Supply/Hair Providers",pending,"[]","[]","https://bhamnow.com/2020/09/29/7-black-owned-beauty-brands-to-check-out-in-birmingham/","["review_only","pickup_review_required","order_anywhere_review_required"]",no,"not_approved;category_ids_empty","Admin review;Assign category_ids"
348,"Austin Beauty Supply Plus",Austin,TX,16,"Beauty Supply/Hair Providers",pending,"[]","[]","https://www.google.com/search?q=black+owned+beauty+supply+Austin+TX","["review_only","pickup_review_required","order_anywhere_review_required"]",no,"not_approved;category_ids_empty","Admin review;Assign category_ids"
349,"Made By GEbony",Houston,TX,14,"Beauty/Personal Care",pending,"[820]","1","https://www.instagram.com/madebygebony","["review_only","pickup_review_required","order_anywhere_review_required"]",no,"not_approved;inactive_module","Admin review;Activate module first"
350,"Buy Black Marketplace",Houston,TX,11,"Local Events/Creators",pending,"[]","[]","https://www.buyblackmarketplace.com","["review_only","pickup_review_required","order_anywhere_review_required"]",no,"not_approved;category_ids_empty","Admin review;Assign category_ids"
351,"Peachez HTX",Houston,TX,8,"Liquor/Beverages",pending,"[]","[]","https://peachezhtx.com","["review_only"]",yes,"not_approved;category_ids_empty;age_restricted_needs_compliance","Admin review;Assign category_ids;Compliance approval"
352,"Pur Noire Urban Wineries",Houston,TX,8,"Liquor/Beverages",pending,"[]","[]","https://purnoire.com","["review_only"]",yes,"not_approved;category_ids_empty;age_restricted_needs_compliance","Admin review;Assign category_ids;Compliance approval"
353,"Trez Bistro & Wine Bar",Houston,TX,8,"Liquor/Beverages",pending,"[]","[]","https://trezbistrowinebar.com","["review_only"]",yes,"not_approved;category_ids_empty;age_restricted_needs_compliance","Admin review;Assign category_ids;Compliance approval"
354,"The Address Lounge",Houston,TX,8,"Liquor/Beverages",pending,"[]","[]","https://theaddresslounge.com","["review_only"]",yes,"not_approved;category_ids_empty;age_restricted_needs_compliance","Admin review;Assign category_ids;Compliance approval"
355,"Swanky Patron",Houston,TX,8,"Liquor/Beverages",pending,"[]","[]","https://swankypatron.com","["review_only"]",yes,"not_approved;category_ids_empty;age_restricted_needs_compliance","Admin review;Assign category_ids;Compliance approval"
356,"OKRA Charity Saloon",Houston,TX,8,"Liquor/Beverages",pending,"[]","[]","https://okracharitysaloon.com","["review_only"]",yes,"not_approved;category_ids_empty;age_restricted_needs_compliance","Admin review;Assign category_ids;Compliance approval"
357,"King's Daiquiri",Houston,TX,8,"Liquor/Beverages",pending,"[]","[]","https://kingsdaiquiri.com","["review_only"]",yes,"not_approved;category_ids_empty;age_restricted_needs_compliance","Admin review;Assign category_ids;Compliance approval"
358,"Clutch Houston",Houston,TX,8,"Liquor/Beverages",pending,"[]","[]","https://clutchhouston.com","["review_only"]",yes,"not_approved;category_ids_empty;age_restricted_needs_compliance","Admin review;Assign category_ids;Compliance approval"
359,"V Live Houston",Houston,TX,8,"Liquor/Beverages",pending,"[]","[]","https://vlivehouston.com","["review_only"]",yes,"not_approved;category_ids_empty;age_restricted_needs_compliance","Admin review;Assign category_ids;Compliance approval"
360,"Anvil Bar & Refuge",Houston,TX,8,"Liquor/Beverages",pending,"[]","[]","https://anvilhouston.com","["review_only"]",yes,"not_approved;category_ids_empty;age_restricted_needs_compliance","Admin review;Assign category_ids;Compliance approval"
361,"Daiquiri's To Go",Dallas,TX,8,"Liquor/Beverages",pending,"[]","[]","https://daiquiristogo.com","["review_only"]",yes,"not_approved;category_ids_empty;age_restricted_needs_compliance","Admin review;Assign category_ids;Compliance approval"
362,"Blends Daiquiri Express",Dallas,TX,8,"Liquor/Beverages",pending,"[]","[]","https://blendsdaiquiriexpress.com","["review_only"]",yes,"not_approved;category_ids_empty;age_restricted_needs_compliance","Admin review;Assign category_ids;Compliance approval"
363,"Red Light Lounge",Dallas,TX,8,"Liquor/Beverages",pending,"[]","[]","https://redlightlounge.com","["review_only"]",yes,"not_approved;category_ids_empty;age_restricted_needs_compliance","Admin review;Assign category_ids;Compliance approval"
364,"Lounge 31",Dallas,TX,8,"Liquor/Beverages",pending,"[]","[]","https://lounge31.com","["review_only"]",yes,"not_approved;category_ids_empty;age_restricted_needs_compliance","Admin review;Assign category_ids;Compliance approval"
365,"The Cigar Warehouse",Dallas,TX,8,"Liquor/Beverages",pending,"[]","[]","https://cigarwarehousedallas.com","["review_only"]",yes,"not_approved;category_ids_empty;age_restricted_needs_compliance","Admin review;Assign category_ids;Compliance approval"
366,"Casa de Montecristo",Dallas,TX,8,"Liquor/Beverages",pending,"[]","[]","https://casademontecristo.com","["review_only"]",yes,"not_approved;category_ids_empty;age_restricted_needs_compliance","Admin review;Assign category_ids;Compliance approval"
367,"Bar Vegan",Atlanta,GA,8,"Liquor/Beverages",pending,"[]","[]","https://barveganatl.com","["review_only"]",yes,"not_approved;category_ids_empty;age_restricted_needs_compliance","Admin review;Assign category_ids;Compliance approval"
368,"Fellaship Lounge",Atlanta,GA,8,"Liquor/Beverages",pending,"[]","[]","https://fellashipatl.com","["review_only"]",yes,"not_approved;category_ids_empty;age_restricted_needs_compliance","Admin review;Assign category_ids;Compliance approval"
369,"Stanley's Cigar Lounge",Atlanta,GA,8,"Liquor/Beverages",pending,"[]","[]","https://stanleyscigarlounge.com","["review_only"]",yes,"not_approved;category_ids_empty;age_restricted_needs_compliance","Admin review;Assign category_ids;Compliance approval"
370,"Blue Flame Lounge",Atlanta,GA,8,"Liquor/Beverages",pending,"[]","[]","https://blueflamelounge.com","["review_only"]",yes,"not_approved;category_ids_empty;age_restricted_needs_compliance","Admin review;Assign category_ids;Compliance approval"
371,"Vanquish Nightclub",Atlanta,GA,8,"Liquor/Beverages",pending,"[]","[]","https://vanquishnightclub.com","["review_only"]",yes,"not_approved;category_ids_empty;age_restricted_needs_compliance","Admin review;Assign category_ids;Compliance approval"
372,"Benny's Package Store",Atlanta,GA,8,"Liquor/Beverages",pending,"[]","[]","https://bennyspackagestore.com","["review_only"]",yes,"not_approved;category_ids_empty;age_restricted_needs_compliance","Admin review;Assign category_ids;Compliance approval"
373,"Cigar City Club",Atlanta,GA,8,"Liquor/Beverages",pending,"[]","[]","https://cigarcityclub.com","["review_only"]",yes,"not_approved;category_ids_empty;age_restricted_needs_compliance","Admin review;Assign category_ids;Compliance approval"
374,"D'Bo's Daiquiris Wings & Seafood",Memphis,TN,8,"Liquor/Beverages",pending,"[]","[]","https://dboswings.com","["review_only"]",yes,"not_approved;category_ids_empty;age_restricted_needs_compliance","Admin review;Assign category_ids;Compliance approval"
375,"Wild Bill's Juke Joint",Memphis,TN,8,"Liquor/Beverages",pending,"[]","[]","https://wildbillsmemphis.com","["review_only"]",yes,"not_approved;category_ids_empty;age_restricted_needs_compliance","Admin review;Assign category_ids;Compliance approval"
376,"The Candy Shop Daiquiri's",Memphis,TN,8,"Liquor/Beverages",pending,"[]","[]","https://instagram.com/candyshopdaiquiris","["review_only"]",yes,"not_approved;category_ids_empty;age_restricted_needs_compliance","Admin review;Assign category_ids;Compliance approval"
377,"Black Wall Street Liquid Lounge",Tulsa,OK,8,"Liquor/Beverages",pending,"[]","[]","https://bwsll.com","["review_only"]",yes,"not_approved;category_ids_empty;age_restricted_needs_compliance","Admin review;Assign category_ids;Compliance approval"
378,"PV's Liquor",Tulsa,OK,8,"Liquor/Beverages",pending,"[]","[]","https://pvs-liquor.com","["review_only"]",yes,"not_approved;category_ids_empty;age_restricted_needs_compliance","Admin review;Assign category_ids;Compliance approval"
379,"DVL Bar",Tulsa,OK,8,"Liquor/Beverages",pending,"[]","[]","https://dvlt.bar","["review_only"]",yes,"not_approved;category_ids_empty;age_restricted_needs_compliance","Admin review;Assign category_ids;Compliance approval"
380,"Texas Original - Houston",Houston,TX,7,"THC/CBD",pending,"[]","[]","https://www.google.com/search?q=Texas%20Original%20-%20Houston+Houston","["review_only"]",yes,"not_approved;category_ids_empty;age_restricted_needs_compliance","Admin review;Assign category_ids;Compliance approval"
381,"Goodblend Texas - Houston",Houston,TX,7,"THC/CBD",pending,"[]","[]","https://www.google.com/search?q=Goodblend%20Texas%20-%20Houston+Houston","["review_only"]",yes,"not_approved;category_ids_empty;age_restricted_needs_compliance","Admin review;Assign category_ids;Compliance approval"
382,"Green Cross Houston",Houston,TX,7,"THC/CBD",pending,"[145]","1","https://www.google.com/search?q=Green%20Cross%20Houston+Houston","["review_only"]",yes,"not_approved;age_restricted_needs_compliance","Admin review;Compliance approval"
383,"Tree of Life Houston",Houston,TX,7,"THC/CBD",pending,"[145]","1","https://www.google.com/search?q=Tree%20of%20Life%20Houston+Houston","["review_only"]",yes,"not_approved;age_restricted_needs_compliance","Admin review;Compliance approval"
384,"CBD Plus USA - Houston",Houston,TX,7,"THC/CBD",pending,"[145]","1","https://www.google.com/search?q=CBD%20Plus%20USA%20-%20Houston+Houston","["review_only"]",yes,"not_approved;age_restricted_needs_compliance","Admin review;Compliance approval"
385,"Mellow Fellow Dallas",Dallas,TX,7,"THC/CBD",pending,"[145]","1","https://www.google.com/search?q=Mellow%20Fellow%20Dallas+Dallas","["review_only"]",yes,"not_approved;age_restricted_needs_compliance","Admin review;Compliance approval"
386,"Restart CBD Austin",Austin,TX,7,"THC/CBD",pending,"[145]","1","https://www.google.com/search?q=Restart%20CBD%20Austin+Austin","["review_only"]",yes,"not_approved;age_restricted_needs_compliance","Admin review;Compliance approval"
387,"Texas Herb Center",Austin,TX,7,"THC/CBD",pending,"[145]","1","https://www.google.com/search?q=Texas%20Herb%20Center+Austin","["review_only"]",yes,"not_approved;age_restricted_needs_compliance","Admin review;Compliance approval"
388,"Galveston CBD & Wellness",Galveston,TX,7,"THC/CBD",pending,"[145]","1","https://www.google.com/search?q=Galveston%20CBD%20%26%20Wellness+Galveston","["review_only"]",yes,"not_approved;age_restricted_needs_compliance","Admin review;Compliance approval"
389,"CBD American Shaman - Beaumont",Beaumont,TX,7,"THC/CBD",pending,"[145]","1","https://www.google.com/search?q=CBD%20American%20Shaman%20-%20Beaumont+Beaumont","["review_only"]",yes,"not_approved;age_restricted_needs_compliance","Admin review;Compliance approval"
390,"Huntsville Hemp Company",Huntsville,TX,7,"THC/CBD",pending,"[145]","1","https://www.google.com/search?q=Huntsville%20Hemp%20Company+Huntsville","["review_only"]",yes,"not_approved;age_restricted_needs_compliance","Admin review;Compliance approval"
391,"Birmingham CBD & Wellness",Birmingham,AL,7,"THC/CBD",pending,"[145]","1","https://www.google.com/search?q=Birmingham%20CBD%20%26%20Wellness+Birmingham","["review_only"]",yes,"not_approved;age_restricted_needs_compliance","Admin review;Compliance approval"
392,"Botanical Sciences - Atlanta",Atlanta,GA,7,"THC/CBD",pending,"[]","[]","https://www.google.com/search?q=Botanical%20Sciences%20-%20Atlanta+Atlanta","["review_only"]",yes,"not_approved;category_ids_empty;age_restricted_needs_compliance","Admin review;Assign category_ids;Compliance approval"
393,"Surterra Wellness - Atlanta",Atlanta,GA,7,"THC/CBD",pending,"[145]","1","https://www.google.com/search?q=Surterra%20Wellness%20-%20Atlanta+Atlanta","["review_only"]",yes,"not_approved;age_restricted_needs_compliance","Admin review;Compliance approval"
394,"Atlanta Hemp Company",Atlanta,GA,7,"THC/CBD",pending,"[145]","1","https://www.google.com/search?q=Atlanta%20Hemp%20Company+Atlanta","["review_only"]",yes,"not_approved;age_restricted_needs_compliance","Admin review;Compliance approval"
395,"Memphis Hemp Company",Memphis,TN,7,"THC/CBD",pending,"[145]","1","https://www.google.com/search?q=Memphis%20Hemp%20Company+Memphis","["review_only"]",yes,"not_approved;age_restricted_needs_compliance","Admin review;Compliance approval"
396,"Your CBD Store - Memphis",Memphis,TN,7,"THC/CBD",pending,"[145]","1","https://www.google.com/search?q=Your%20CBD%20Store%20-%20Memphis+Memphis","["review_only"]",yes,"not_approved;age_restricted_needs_compliance","Admin review;Compliance approval"
397,"Cookies Melrose",Los Angeles,CA,7,"THC/CBD",pending,"[]","[]","https://www.google.com/search?q=Cookies%20Melrose+Los%20Angeles","["review_only"]",yes,"not_approved;category_ids_empty;age_restricted_needs_compliance","Admin review;Assign category_ids;Compliance approval"
398,"MedMen - West Hollywood",Los Angeles,CA,7,"THC/CBD",pending,"[]","[]","https://www.google.com/search?q=MedMen%20-%20West%20Hollywood+Los%20Angeles","["review_only"]",yes,"not_approved;category_ids_empty;age_restricted_needs_compliance","Admin review;Assign category_ids;Compliance approval"
399,"Jungle Boys - LA",Los Angeles,CA,7,"THC/CBD",pending,"[]","[]","https://www.google.com/search?q=Jungle%20Boys%20-%20LA+Los%20Angeles","["review_only"]",yes,"not_approved;category_ids_empty;age_restricted_needs_compliance","Admin review;Assign category_ids;Compliance approval"
400,"Stiiizy - DTLA",Los Angeles,CA,7,"THC/CBD",pending,"[]","[]","https://www.google.com/search?q=Stiiizy%20-%20DTLA+Los%20Angeles","["review_only"]",yes,"not_approved;category_ids_empty;age_restricted_needs_compliance","Admin review;Assign category_ids;Compliance approval"
401,"The Artist Tree - West Hollywood",Los Angeles,CA,7,"THC/CBD",pending,"[]","[]","https://www.google.com/search?q=The%20Artist%20Tree%20-%20West%20Hollywood+Los%20Angeles","["review_only"]",yes,"not_approved;category_ids_empty;age_restricted_needs_compliance","Admin review;Assign category_ids;Compliance approval"
402,"Higher Path - Sherman Oaks",Inglewood,CA,7,"THC/CBD",pending,"[]","[]","https://www.google.com/search?q=Higher%20Path%20-%20Sherman%20Oaks+Inglewood","["review_only"]",yes,"not_approved;category_ids_empty;age_restricted_needs_compliance","Admin review;Assign category_ids;Compliance approval"
403,"Planet 13 Las Vegas",Las Vegas,NV,7,"THC/CBD",pending,"[]","[]","https://www.google.com/search?q=Planet%2013%20Las%20Vegas+Las%20Vegas","["review_only"]",yes,"not_approved;category_ids_empty;age_restricted_needs_compliance","Admin review;Assign category_ids;Compliance approval"
404,"The Dispensary NV - Henderson",Las Vegas,NV,7,"THC/CBD",pending,"[]","[]","https://www.google.com/search?q=The%20Dispensary%20NV%20-%20Henderson+Las%20Vegas","["review_only"]",yes,"not_approved;category_ids_empty;age_restricted_needs_compliance","Admin review;Assign category_ids;Compliance approval"
405,"Reef Dispensaries - Las Vegas",Las Vegas,NV,7,"THC/CBD",pending,"[]","[]","https://www.google.com/search?q=Reef%20Dispensaries%20-%20Las%20Vegas+Las%20Vegas","["review_only"]",yes,"not_approved;category_ids_empty;age_restricted_needs_compliance","Admin review;Assign category_ids;Compliance approval"
406,"Oasis Cannabis",Las Vegas,NV,7,"THC/CBD",pending,"[]","[]","https://www.google.com/search?q=Oasis%20Cannabis+Las%20Vegas","["review_only"]",yes,"not_approved;category_ids_empty;age_restricted_needs_compliance","Admin review;Assign category_ids;Compliance approval"
407,"Cultivate Las Vegas",Las Vegas,NV,7,"THC/CBD",pending,"[]","[]","https://www.google.com/search?q=Cultivate%20Las%20Vegas+Las%20Vegas","["review_only"]",yes,"not_approved;category_ids_empty;age_restricted_needs_compliance","Admin review;Assign category_ids;Compliance approval"
408,"Trulieve - Miami",Miami,FL,7,"THC/CBD",pending,"[]","[]","https://www.google.com/search?q=Trulieve%20-%20Miami+Miami","["review_only"]",yes,"not_approved;category_ids_empty;age_restricted_needs_compliance","Admin review;Assign category_ids;Compliance approval"
409,"Curaleaf - Miami",Miami,FL,7,"THC/CBD",pending,"[]","[]","https://www.google.com/search?q=Curaleaf%20-%20Miami+Miami","["review_only"]",yes,"not_approved;category_ids_empty;age_restricted_needs_compliance","Admin review;Assign category_ids;Compliance approval"
410,"MUV - Miami",Miami,FL,7,"THC/CBD",pending,"[]","[]","https://www.google.com/search?q=MUV%20-%20Miami+Miami","["review_only"]",yes,"not_approved;category_ids_empty;age_restricted_needs_compliance","Admin review;Assign category_ids;Compliance approval"
411,"Fluent - Miami",Miami,FL,7,"THC/CBD",pending,"[]","[]","https://www.google.com/search?q=Fluent%20-%20Miami+Miami","["review_only"]",yes,"not_approved;category_ids_empty;age_restricted_needs_compliance","Admin review;Assign category_ids;Compliance approval"
412,"Miami CBD & Wellness",Miami,FL,7,"THC/CBD",pending,"[145]","1","https://www.google.com/search?q=Miami%20CBD%20%26%20Wellness+Miami","["review_only"]",yes,"not_approved;age_restricted_needs_compliance","Admin review;Compliance approval"
413,"Takoma Wellness Center",Washington,DC,7,"THC/CBD",pending,"[]","[]","https://www.google.com/search?q=Takoma%20Wellness%20Center+Washington","["review_only"]",yes,"not_approved;category_ids_empty;age_restricted_needs_compliance","Admin review;Assign category_ids;Compliance approval"
414,"Anacostia Organics",Washington,DC,7,"THC/CBD",pending,"[]","[]","https://www.google.com/search?q=Anacostia%20Organics+Washington","["review_only"]",yes,"not_approved;category_ids_empty;age_restricted_needs_compliance","Admin review;Assign category_ids;Compliance approval"
415,"Capital City Care",Washington,DC,7,"THC/CBD",pending,"[]","[]","https://www.google.com/search?q=Capital%20City%20Care+Washington","["review_only"]",yes,"not_approved;category_ids_empty;age_restricted_needs_compliance","Admin review;Assign category_ids;Compliance approval"
416,"DC Buds",Washington,DC,7,"THC/CBD",pending,"[]","[]","https://www.google.com/search?q=DC%20Buds+Washington","["review_only"]",yes,"not_approved;category_ids_empty;age_restricted_needs_compliance","Admin review;Assign category_ids;Compliance approval"
417,"National Holistic - DC",Washington,DC,7,"THC/CBD",pending,"[]","[]","https://www.google.com/search?q=National%20Holistic%20-%20DC+Washington","["review_only"]",yes,"not_approved;category_ids_empty;age_restricted_needs_compliance","Admin review;Assign category_ids;Compliance approval"
418,"Mango Cannabis - Tulsa",Tulsa,OK,7,"THC/CBD",pending,"[]","[]","https://www.google.com/search?q=Mango%20Cannabis%20-%20Tulsa+Tulsa","["review_only"]",yes,"not_approved;category_ids_empty;age_restricted_needs_compliance","Admin review;Assign category_ids;Compliance approval"
419,"Simply Plus Dispensary",Tulsa,OK,7,"THC/CBD",pending,"[]","[]","https://www.google.com/search?q=Simply%20Plus%20Dispensary+Tulsa","["review_only"]",yes,"not_approved;category_ids_empty;age_restricted_needs_compliance","Admin review;Assign category_ids;Compliance approval"
420,"Buddha's Best Dispensary",Tulsa,OK,7,"THC/CBD",pending,"[]","[]","https://www.google.com/search?q=Buddha's%20Best%20Dispensary+Tulsa","["review_only"]",yes,"not_approved;category_ids_empty;age_restricted_needs_compliance","Admin review;Assign category_ids;Compliance approval"
421,"The Green Gorilla",Tulsa,OK,7,"THC/CBD",pending,"[]","[]","https://www.google.com/search?q=The%20Green%20Gorilla+Tulsa","["review_only"]",yes,"not_approved;category_ids_empty;age_restricted_needs_compliance","Admin review;Assign category_ids;Compliance approval"
422,"Kush House Dispensary",Tulsa,OK,7,"THC/CBD",pending,"[]","[]","https://www.google.com/search?q=Kush%20House%20Dispensary+Tulsa","["review_only"]",yes,"not_approved;category_ids_empty;age_restricted_needs_compliance","Admin review;Assign category_ids;Compliance approval"
423,"Charlotte CBD & Wellness",Charlotte,NC,7,"THC/CBD",pending,"[145]","1","https://www.google.com/search?q=Charlotte%20CBD%20%26%20Wellness+Charlotte","["review_only"]",yes,"not_approved;age_restricted_needs_compliance","Admin review;Compliance approval"
424,"Housing Works Cannabis Co.",New York,NY,7,"THC/CBD",pending,"[]","[]","https://www.google.com/search?q=Housing%20Works%20Cannabis%20Co.+New%20York","["review_only"]",yes,"not_approved;category_ids_empty;age_restricted_needs_compliance","Admin review;Assign category_ids;Compliance approval"
425,"Union Square Travel Agency",New York,NY,7,"THC/CBD",pending,"[]","[]","https://www.google.com/search?q=Union%20Square%20Travel%20Agency+New%20York","["review_only"]",yes,"not_approved;category_ids_empty;age_restricted_needs_compliance","Admin review;Assign category_ids;Compliance approval"
426,"Gotham Cannabis Dispensary",New York,NY,7,"THC/CBD",pending,"[]","[]","https://www.google.com/search?q=Gotham%20Cannabis%20Dispensary+New%20York","["review_only"]",yes,"not_approved;category_ids_empty;age_restricted_needs_compliance","Admin review;Assign category_ids;Compliance approval"
427,"Smacked NYC",New York,NY,7,"THC/CBD",pending,"[]","[]","https://www.google.com/search?q=Smacked%20NYC+New%20York","["review_only"]",yes,"not_approved;category_ids_empty;age_restricted_needs_compliance","Admin review;Assign category_ids;Compliance approval"
428,"The Cannabis Place",New York,NY,7,"THC/CBD",pending,"[]","[]","https://www.google.com/search?q=The%20Cannabis%20Place+New%20York","["review_only"]",yes,"not_approved;category_ids_empty;age_restricted_needs_compliance","Admin review;Assign category_ids;Compliance approval"
429,"Boss Lady Couture",Houston,TX,13,"Retail/Shopping",pending,"[]","[]","https://www.bossladycouture.com","["review_only","pickup_review_required","order_anywhere_review_required"]",no,"not_approved;category_ids_empty","Admin review;Assign category_ids"
430,"TaterQue",Austin,TX,4,"Restaurants/Brick and Mortar",pending,"[14]","1","https://www.taterqueatx.com","["review_only","pickup_review_required","order_anywhere_review_required"]",no,"not_approved","Admin review"
431,"Black Book Houston",Houston,TX,11,"Local Events/Creators",pending,"[]","[]","https://www.blackbookhouston.com","["review_only","pickup_review_required","order_anywhere_review_required"]",no,"not_approved;category_ids_empty","Admin review;Assign category_ids"
